CustomerID,Churn_probability,Action,Contract,Internet Service,Tenure Months,Monthly Charges,Payment Method
5178-LMXOP,0.9504177471513393,Priority retention contact,Month-to-month,Fiber optic,1,95.1,Electronic check
6861-XWTWQ,0.9352761890467227,Priority retention contact,Month-to-month,Fiber optic,7,99.25,Electronic check
0295-PPHDO,0.9336897628283082,Priority retention contact,Month-to-month,Fiber optic,1,95.45,Electronic check
1400-MMYXY,0.9325548948730058,Priority retention contact,Month-to-month,Fiber optic,3,105.9,Electronic check
8884-ADFVN,0.9321695626134004,Priority retention contact,Month-to-month,Fiber optic,7,101.95,Electronic check
6630-UJZMY,0.9320844694086247,Priority retention contact,Month-to-month,Fiber optic,4,83.25,Electronic check
4927-WWOOZ,0.9280901762678391,Priority retention contact,Month-to-month,Fiber optic,2,91.45,Electronic check
6023-YEBUP,0.9250730468238532,Priority retention contact,Month-to-month,Fiber optic,3,100.95,Electronic check
4587-VVTOX,0.9248498293320594,Priority retention contact,Month-to-month,Fiber optic,6,105.3,Electronic check
8161-QYMTT,0.9236616393971097,Priority retention contact,Month-to-month,Fiber optic,7,94.1,Electronic check
9057-SIHCH,0.9233867256475169,Priority retention contact,Month-to-month,Fiber optic,3,96.6,Electronic check
7180-PISOG,0.9233617208836606,Priority retention contact,Month-to-month,Fiber optic,1,74.5,Electronic check
7181-BQYBV,0.9223136238027997,Priority retention contact,Month-to-month,Fiber optic,1,102.45,Electronic check
2545-EBUPK,0.9180368382535925,Priority retention contact,Month-to-month,Fiber optic,2,84.05,Electronic check
3722-WPXTK,0.9164860697451578,Priority retention contact,Month-to-month,Fiber optic,1,88.35,Electronic check
7249-WBIYX,0.9160647951339627,Priority retention contact,Month-to-month,Fiber optic,10,85.6,Electronic check
0970-ETWGE,0.9159657809590595,Priority retention contact,Month-to-month,Fiber optic,1,89.55,Electronic check
1069-XAIEM,0.9156450830908078,Priority retention contact,Month-to-month,Fiber optic,1,85.05,Electronic check
8593-WHYHV,0.9135900768940498,Priority retention contact,Month-to-month,Fiber optic,3,85.3,Electronic check
8622-ZLFKO,0.9131674662177531,Priority retention contact,Month-to-month,Fiber optic,6,90.75,Electronic check
3519-ZKXGG,0.9129699190311521,Priority retention contact,Month-to-month,Fiber optic,3,75.85,Electronic check
2959-MJHIC,0.9094213929798756,Priority retention contact,Month-to-month,Fiber optic,4,80.35,Electronic check
1143-NMNQJ,0.9087822835555568,Priority retention contact,Month-to-month,Fiber optic,2,85.7,Electronic check
2034-GDRCN,0.9087564983606736,Priority retention contact,Month-to-month,Fiber optic,2,90.4,Electronic check
4750-ZRXIU,0.9085237667250109,Priority retention contact,Month-to-month,Fiber optic,4,84.6,Electronic check
2865-TCHJW,0.907237956570125,Priority retention contact,Month-to-month,Fiber optic,4,89.2,Electronic check
2845-HSJCY,0.9068141412634074,Priority retention contact,Month-to-month,Fiber optic,14,87.25,Electronic check
9611-CTWIH,0.906480595870836,Priority retention contact,Month-to-month,Fiber optic,3,89.45,Electronic check
2077-MPJQO,0.906180575957701,Priority retention contact,Month-to-month,Fiber optic,7,75.4,Electronic check
7218-HKQFK,0.9057832008161917,Priority retention contact,Month-to-month,Fiber optic,2,94.2,Electronic check
8739-XNIKG,0.9055879112409867,Priority retention contact,Month-to-month,Fiber optic,5,84.0,Electronic check
9334-GWGOW,0.904013059301484,Priority retention contact,Month-to-month,Fiber optic,7,74.85,Electronic check
3320-VEOYC,0.9039698967818364,Priority retention contact,Month-to-month,Fiber optic,14,95.6,Electronic check
0679-IDSTG,0.902240089983111,Priority retention contact,Month-to-month,Fiber optic,1,69.25,Electronic check
3006-XIMLN,0.9007889435796466,Priority retention contact,Month-to-month,Fiber optic,2,94.2,Bank transfer (automatic)
3422-LYEPQ,0.8986944507761698,Priority retention contact,Month-to-month,Fiber optic,1,71.0,Electronic check
7363-QTBIW,0.8982140631262697,Priority retention contact,Month-to-month,Fiber optic,9,79.75,Electronic check
9248-OJYKK,0.8975242553718525,Priority retention contact,Month-to-month,Fiber optic,1,76.45,Electronic check
2485-ITVKB,0.89729913206851,Priority retention contact,Month-to-month,DSL,2,35.1,Electronic check
1853-UDXBW,0.8972318334773287,Priority retention contact,Month-to-month,Fiber optic,1,70.0,Electronic check
4115-NZRKS,0.8965014481999839,Priority retention contact,Month-to-month,Fiber optic,7,89.15,Electronic check
1867-BDVFH,0.8964910173126216,Priority retention contact,Month-to-month,Fiber optic,11,74.35,Electronic check
8245-UMPYT,0.8960034746071542,Priority retention contact,Month-to-month,Fiber optic,16,96.4,Electronic check
8775-ERLNB,0.8958240919317291,Priority retention contact,Month-to-month,Fiber optic,1,74.3,Electronic check
2514-GINMM,0.8954673703579114,Priority retention contact,Month-to-month,Fiber optic,1,79.5,Electronic check
4713-LZDRV,0.8949106397558464,Priority retention contact,Month-to-month,Fiber optic,2,79.6,Electronic check
2495-INZWQ,0.8926764317901802,Priority retention contact,Month-to-month,DSL,4,44.55,Electronic check
4415-IJZTP,0.8924043967939657,Priority retention contact,Month-to-month,Fiber optic,1,74.5,Electronic check
7817-BOQPW,0.8921425644997995,Priority retention contact,Month-to-month,Fiber optic,2,75.55,Electronic check
1320-HTRDR,0.8917402707777612,Priority retention contact,Month-to-month,Fiber optic,3,75.5,Electronic check
6372-RFVNS,0.8912948482148119,Priority retention contact,Month-to-month,Fiber optic,1,78.8,Electronic check
9878-TNQGW,0.8904843081376282,Priority retention contact,Month-to-month,Fiber optic,2,80.95,Electronic check
6979-ZNSFF,0.8904113668632313,Priority retention contact,Month-to-month,Fiber optic,8,87.05,Electronic check
8258-GSTJK,0.8894372437798297,Priority retention contact,Month-to-month,Fiber optic,3,77.0,Electronic check
2609-IAICY,0.8892373289280522,Priority retention contact,Month-to-month,Fiber optic,1,77.15,Electronic check
4806-KEXQR,0.8881901769970869,Priority retention contact,Month-to-month,Fiber optic,4,79.9,Electronic check
6892-XPFPU,0.8881869344486096,Priority retention contact,Month-to-month,Fiber optic,24,104.25,Electronic check
1448-PWKYE,0.8881320068715832,Priority retention contact,Month-to-month,Fiber optic,1,80.0,Electronic check
4090-KPJIP,0.888112500336914,Priority retention contact,Month-to-month,Fiber optic,3,74.95,Electronic check
8083-YTZES,0.8881031322109826,Priority retention contact,Month-to-month,Fiber optic,4,74.35,Electronic check
8361-LTMKD,0.8878589792781951,Priority retention contact,Month-to-month,Fiber optic,4,74.4,Mailed check
6969-MVBAI,0.887426325067399,Priority retention contact,Month-to-month,Fiber optic,9,90.1,Electronic check
6230-BSUXY,0.8873242994866053,Priority retention contact,Month-to-month,Fiber optic,1,85.0,Electronic check
2027-FECZV,0.886924912070769,Priority retention contact,Month-to-month,Fiber optic,12,106.7,Electronic check
9221-OTIVJ,0.8863687941321284,Priority retention contact,Month-to-month,Fiber optic,14,104.85,Electronic check
8443-ZRDBZ,0.8863098397922065,Priority retention contact,Month-to-month,Fiber optic,4,76.05,Electronic check
2202-CUYXZ,0.8861319759447728,Priority retention contact,Month-to-month,Fiber optic,1,84.85,Electronic check
6507-ZJSUR,0.8857286501379906,Priority retention contact,Month-to-month,Fiber optic,23,90.45,Electronic check
7209-JCUDS,0.8853683874094022,Priority retention contact,Month-to-month,Fiber optic,10,94.9,Electronic check
1628-BIZYP,0.885328383784713,Priority retention contact,Month-to-month,Fiber optic,1,85.0,Electronic check
2985-FMWYF,0.8851714448931299,Priority retention contact,Month-to-month,Fiber optic,23,93.5,Electronic check
6319-IEJWJ,0.8843473509479227,Priority retention contact,Month-to-month,Fiber optic,20,90.2,Electronic check
3338-CVVEH,0.8842018877647139,Priority retention contact,Month-to-month,Fiber optic,12,94.55,Electronic check
0871-URUWO,0.8839710529712705,Priority retention contact,Month-to-month,Fiber optic,13,102.25,Credit card (automatic)
5382-SOYZL,0.8837659872790893,Priority retention contact,Month-to-month,Fiber optic,22,95.1,Electronic check
1024-GUALD,0.8834578960321569,Priority retention contact,Month-to-month,DSL,1,24.8,Electronic check
7029-RPUAV,0.8830622421493896,Priority retention contact,Month-to-month,Fiber optic,17,100.45,Credit card (automatic)
4229-CZMLL,0.8827416622575617,Priority retention contact,Month-to-month,Fiber optic,6,74.9,Electronic check
0655-RBDUG,0.8812557267224086,Priority retention contact,Month-to-month,Fiber optic,7,98.05,Bank transfer (automatic)
8821-XNHVZ,0.8807077582560586,Priority retention contact,Month-to-month,Fiber optic,1,80.05,Mailed check
9507-EXLTT,0.879495031837587,Priority retention contact,Month-to-month,Fiber optic,1,79.35,Bank transfer (automatic)
8541-QVFKM,0.8793493752699515,Priority retention contact,Month-to-month,Fiber optic,8,73.5,Electronic check
2057-ZBLPD,0.879319844401453,Priority retention contact,Month-to-month,Fiber optic,21,86.5,Electronic check
8752-STIVR,0.8792208009723698,Priority retention contact,Month-to-month,Fiber optic,4,79.0,Electronic check
4301-VVZKA,0.8786814077199897,Priority retention contact,Month-to-month,Fiber optic,16,75.4,Electronic check
0841-NULXI,0.8782585005554422,Priority retention contact,Month-to-month,DSL,1,35.55,Electronic check
3030-YDNRM,0.8777072807113284,Priority retention contact,Month-to-month,Fiber optic,8,74.85,Electronic check
3716-BDVDB,0.8776398890463972,Priority retention contact,Month-to-month,Fiber optic,1,69.1,Electronic check
8699-ASUFO,0.8758375508001506,Priority retention contact,Month-to-month,Fiber optic,7,74.4,Mailed check
5052-PNLOS,0.8757895257748407,Priority retention contact,Month-to-month,Fiber optic,3,105.35,Bank transfer (automatic)
7130-VTEWQ,0.87403268734466,Priority retention contact,Month-to-month,Fiber optic,8,75.75,Electronic check
7354-OIJLX,0.8733480455585688,Priority retention contact,Month-to-month,Fiber optic,9,75.85,Electronic check
7409-KIUTL,0.8731539993093139,Priority retention contact,Month-to-month,Fiber optic,1,71.0,Electronic check
6328-ZPBGN,0.8729844079954137,Priority retention contact,Month-to-month,Fiber optic,11,95.15,Bank transfer (automatic)
8397-MVTAZ,0.8720255379470011,Priority retention contact,Month-to-month,Fiber optic,34,100.05,Electronic check
8375-DKEBR,0.8717649614154668,Priority retention contact,Month-to-month,Fiber optic,1,69.6,Electronic check
4919-IKATY,0.8714031705982852,Priority retention contact,Month-to-month,Fiber optic,5,84.5,Electronic check
7861-UVUFT,0.8711946814792911,Priority retention contact,Month-to-month,Fiber optic,15,84.3,Electronic check
1820-TQVEV,0.8708356917453648,Priority retention contact,Month-to-month,Fiber optic,1,69.55,Electronic check
5542-TBBWB,0.8708326524968188,Priority retention contact,Month-to-month,Fiber optic,1,69.9,Electronic check
9804-ICWBG,0.8708128273818158,Priority retention contact,Month-to-month,Fiber optic,1,69.9,Electronic check
4735-ASGMA,0.8701754769467785,Priority retention contact,Month-to-month,Fiber optic,26,98.35,Electronic check
3244-DCJWY,0.8688201615193062,Priority retention contact,Month-to-month,Fiber optic,1,70.25,Electronic check
7005-CCBKV,0.8686003979233394,Priority retention contact,Month-to-month,Fiber optic,6,84.4,Electronic check
6857-VWJDT,0.8685472097216144,Priority retention contact,Month-to-month,Fiber optic,1,95.65,Mailed check
3750-CKVKH,0.8684907940488226,Priority retention contact,Month-to-month,Fiber optic,2,67.75,Electronic check
5376-DEQCP,0.8679531876140538,Priority retention contact,Month-to-month,Fiber optic,1,70.6,Electronic check
6000-APYLU,0.8677441491892213,Priority retention contact,Month-to-month,Fiber optic,9,80.8,Electronic check
3199-XGZCY,0.8671011039157063,Priority retention contact,Month-to-month,Fiber optic,8,75.25,Electronic check
3721-CNEYS,0.8662848539497556,Priority retention contact,Month-to-month,Fiber optic,2,70.95,Electronic check
9717-QEBGU,0.865414882201582,Priority retention contact,Month-to-month,Fiber optic,2,70.3,Electronic check
8380-PEFPE,0.865070239534151,Priority retention contact,Month-to-month,Fiber optic,1,71.65,Electronic check
4445-ZJNMU,0.8650051533238852,Priority retention contact,Month-to-month,Fiber optic,9,99.3,Credit card (automatic)
3707-GNWHM,0.8630646517888079,Priority retention contact,Month-to-month,Fiber optic,1,74.25,Mailed check
4342-HENTK,0.8629845024884871,Priority retention contact,Month-to-month,Fiber optic,2,70.65,Electronic check
7235-NXZCP,0.8629044534933772,Priority retention contact,Month-to-month,Fiber optic,2,74.85,Mailed check
1731-TVIUK,0.8622269973655426,Priority retention contact,Month-to-month,Fiber optic,4,93.5,Electronic check
5167-ZFFMM,0.8618990068165698,Priority retention contact,Month-to-month,Fiber optic,1,90.85,Credit card (automatic)
2439-LYPMQ,0.8610462445255391,Priority retention contact,Month-to-month,Fiber optic,38,102.6,Electronic check
5357-TZHPP,0.8607875713791118,Priority retention contact,Month-to-month,Fiber optic,9,84.4,Credit card (automatic)
7273-TEFQD,0.8607338768014234,Priority retention contact,Month-to-month,DSL,3,41.15,Electronic check
7198-GLXTC,0.8603635998694165,Priority retention contact,Month-to-month,Fiber optic,2,79.0,Electronic check
5628-FCGYG,0.8599056211404672,Priority retention contact,Month-to-month,Fiber optic,21,84.1,Electronic check
5159-YFPKQ,0.8594008472857971,Priority retention contact,Month-to-month,Fiber optic,2,75.8,Electronic check
2867-UIMSS,0.8580303717310266,Priority retention contact,Month-to-month,Fiber optic,1,80.5,Electronic check
5228-EXCET,0.8568962947478383,Priority retention contact,Month-to-month,Fiber optic,13,80.85,Electronic check
3292-PBZEJ,0.8568704656882835,Priority retention contact,Month-to-month,Fiber optic,11,111.4,Electronic check
1768-ZAIFU,0.8563950294168972,Priority retention contact,Month-to-month,DSL,1,25.2,Electronic check
6077-BDPXA,0.8562420893220573,Priority retention contact,Month-to-month,Fiber optic,3,70.15,Electronic check
0004-TLHLJ,0.8562213346863519,Priority retention contact,Month-to-month,Fiber optic,4,73.9,Electronic check
0524-IAVZO,0.8560033748882843,Priority retention contact,Month-to-month,Fiber optic,30,85.0,Electronic check
0023-XUOPT,0.8536376525697221,Priority retention contact,Month-to-month,Fiber optic,13,94.1,Electronic check
0388-EOPEX,0.8533664088674285,Priority retention contact,Month-to-month,Fiber optic,2,74.4,Electronic check
2761-OCIAX,0.8530201523471658,Priority retention contact,Month-to-month,Fiber optic,2,74.7,Electronic check
5196-SGOAK,0.8526824771465167,Priority retention contact,Month-to-month,Fiber optic,1,75.7,Electronic check
2665-NPTGL,0.8524562509515203,Priority retention contact,Month-to-month,Fiber optic,26,98.1,Bank transfer (automatic)
2737-YNGYW,0.851614432455154,Priority retention contact,Month-to-month,Fiber optic,2,80.55,Electronic check
1016-DJTSV,0.8512525937162781,Priority retention contact,Month-to-month,Fiber optic,8,69.7,Electronic check
9685-WKZGT,0.8503908609131583,Priority retention contact,Month-to-month,Fiber optic,14,74.95,Electronic check
1522-VVDMG,0.8499463858176943,Priority retention contact,Month-to-month,Fiber optic,7,89.75,Electronic check
4631-OACRM,0.8497230149777154,Priority retention contact,Month-to-month,Fiber optic,15,79.4,Electronic check
0576-WNXXC,0.8493008853913151,Priority retention contact,Month-to-month,Fiber optic,27,95.55,Electronic check
4873-ILOLJ,0.848998402679369,Priority retention contact,Month-to-month,Fiber optic,24,90.35,Electronic check
4706-AXVKM,0.8475782882329884,Priority retention contact,Month-to-month,Fiber optic,11,84.8,Credit card (automatic)
6376-GAHQE,0.8474035055504062,Priority retention contact,Month-to-month,Fiber optic,4,77.85,Electronic check
6856-RAURS,0.8473828578412638,Priority retention contact,Month-to-month,Fiber optic,2,74.9,Mailed check
2754-SDJRD,0.847093830115928,Priority retention contact,Month-to-month,Fiber optic,8,100.15,Credit card (automatic)
0616-ATFGB,0.8460844849277147,Priority retention contact,Month-to-month,DSL,1,25.05,Electronic check
1980-KXVPM,0.8455930421799674,Priority retention contact,Month-to-month,Fiber optic,3,75.05,Credit card (automatic)
6705-LXORM,0.8450451687944377,Priority retention contact,Month-to-month,Fiber optic,5,70.05,Electronic check
3585-ISXZP,0.8449635447425593,Priority retention contact,Month-to-month,Fiber optic,8,95.65,Bank transfer (automatic)
0330-IVZHA,0.8446814844175339,Priority retention contact,Month-to-month,Fiber optic,5,69.95,Electronic check
9279-CJEOJ,0.8440058952291671,Priority retention contact,Month-to-month,Fiber optic,21,95.4,Bank transfer (automatic)
3877-JRJIP,0.8436998160977351,Priority retention contact,Month-to-month,DSL,1,59.85,Electronic check
1475-VWVDO,0.8431888213093053,Priority retention contact,Month-to-month,Fiber optic,7,74.9,Electronic check
8714-EUHJO,0.8428425807144032,Priority retention contact,Month-to-month,Fiber optic,31,91.15,Electronic check
0749-IRGQE,0.8422469794805554,Priority retention contact,Month-to-month,DSL,13,45.3,Electronic check
6543-XRMYR,0.8421467936525981,Priority retention contact,Month-to-month,Fiber optic,30,99.7,Electronic check
4647-MUZON,0.8420734787926064,Priority retention contact,Month-to-month,Fiber optic,18,95.95,Credit card (automatic)
0899-LIIBW,0.8404283523181233,Priority retention contact,Month-to-month,Fiber optic,34,100.85,Electronic check
5419-CONWX,0.8390087229033439,Priority retention contact,Month-to-month,Fiber optic,4,99.8,Credit card (automatic)
3677-IYRBF,0.8386945630172751,Priority retention contact,Month-to-month,DSL,2,30.4,Electronic check
9283-LZQOH,0.8377967436485634,Priority retention contact,Month-to-month,Fiber optic,13,74.4,Credit card (automatic)
4817-VYYWS,0.8377563015283127,Priority retention contact,Month-to-month,Fiber optic,30,100.2,Electronic check
8873-GLDMH,0.8372782933990234,Priority retention contact,Month-to-month,Fiber optic,6,73.85,Mailed check
2254-DLXRI,0.8368828017805263,Priority retention contact,Month-to-month,Fiber optic,1,79.15,Mailed check
3672-YITQD,0.8365990253872952,Priority retention contact,Month-to-month,Fiber optic,36,84.1,Electronic check
6712-OAWRH,0.8363660551427795,Priority retention contact,Month-to-month,Fiber optic,26,91.25,Electronic check
8266-VBFQL,0.835918499266993,Priority retention contact,Month-to-month,Fiber optic,4,90.4,Electronic check
0235-KGSLC,0.8354544971829609,Priority retention contact,Month-to-month,Fiber optic,1,85.55,Credit card (automatic)
0923-PNFUB,0.8347235357096997,Priority retention contact,Month-to-month,Fiber optic,3,83.75,Electronic check
1751-NCDLI,0.8346448605742934,Priority retention contact,Month-to-month,Fiber optic,46,98.85,Electronic check
2482-CZGBB,0.8332195783239699,Priority retention contact,Month-to-month,Fiber optic,10,70.0,Electronic check
3908-BLSYF,0.8331228640491769,Priority retention contact,Month-to-month,Fiber optic,6,83.9,Electronic check
9572-WUKSB,0.8330145148391669,Priority retention contact,Month-to-month,DSL,3,29.9,Electronic check
0432-CAJZV,0.8326557167374996,Priority retention contact,Month-to-month,Fiber optic,3,90.7,Mailed check
2955-BJZHG,0.8321697101170071,Priority retention contact,Month-to-month,Fiber optic,17,80.85,Electronic check
0258-NOKBL,0.8312467673043665,Priority retention contact,Month-to-month,Fiber optic,3,90.4,Electronic check
6899-PPEEA,0.8309113654145939,Priority retention contact,Month-to-month,Fiber optic,37,96.55,Electronic check
8709-KRDVL,0.8308736226916404,Priority retention contact,Month-to-month,Fiber optic,33,100.0,Electronic check
7912-SYRQT,0.8306275271177728,Priority retention contact,Month-to-month,Fiber optic,7,75.1,Bank transfer (automatic)
2025-JKFWI,0.8299997497626149,Priority retention contact,Month-to-month,Fiber optic,13,99.0,Mailed check
8739-WWKDU,0.8290299241756828,Priority retention contact,Month-to-month,Fiber optic,25,89.5,Electronic check
8650-RHRKE,0.8286494233407695,Priority retention contact,Month-to-month,DSL,4,29.65,Electronic check
5339-PXDVH,0.8274719195590349,Priority retention contact,Month-to-month,Fiber optic,4,90.65,Electronic check
0685-MLYYM,0.8272511218075655,Priority retention contact,Month-to-month,Fiber optic,2,70.75,Electronic check
1989-PRJHP,0.8267672109159045,Priority retention contact,Month-to-month,Fiber optic,27,75.5,Electronic check
6651-AZVTJ,0.8265119951548654,Priority retention contact,Month-to-month,Fiber optic,49,99.8,Electronic check
4283-FUTGF,0.8260998863092973,Priority retention contact,Month-to-month,Fiber optic,19,79.85,Electronic check
0256-LTHVJ,0.8254198241828279,Priority retention contact,Month-to-month,Fiber optic,28,81.05,Electronic check
5186-SAMNZ,0.8246234227982989,Priority retention contact,Month-to-month,Fiber optic,1,69.5,Bank transfer (automatic)
8621-MNIHH,0.8240407749884263,Priority retention contact,Month-to-month,Fiber optic,34,94.25,Electronic check
4658-HCOHW,0.8228606767723057,Priority retention contact,Month-to-month,Fiber optic,21,102.8,Electronic check
7470-MCQTK,0.8219231884017919,Priority retention contact,Month-to-month,DSL,13,48.75,Bank transfer (automatic)
4983-CCWMC,0.821771642139464,Priority retention contact,Month-to-month,Fiber optic,3,69.6,Mailed check
1112-CUNAO,0.8216139737645576,Priority retention contact,Month-to-month,Fiber optic,15,89.85,Electronic check
5442-BHQNG,0.820957875187096,Priority retention contact,Month-to-month,Fiber optic,2,70.35,Electronic check
6543-CPZMK,0.8208505597750108,Priority retention contact,Month-to-month,DSL,9,29.95,Electronic check
9741-YLNTD,0.8204769191641492,Priority retention contact,Month-to-month,Fiber optic,6,87.95,Bank transfer (automatic)
6910-HADCM,0.8204462819091497,Priority retention contact,Month-to-month,Fiber optic,1,76.35,Electronic check
9840-DVNDC,0.8203352250290623,Priority retention contact,Month-to-month,Fiber optic,6,80.5,Credit card (automatic)
3312-UUMZW,0.8190384457320975,Priority retention contact,Month-to-month,Fiber optic,32,98.85,Credit card (automatic)
3365-SAIGS,0.8185375072723016,Priority retention contact,Month-to-month,Fiber optic,17,83.55,Electronic check
8393-DLHGA,0.8184448756721368,Priority retention contact,Month-to-month,Fiber optic,25,95.9,Electronic check
1302-UHBDD,0.8172581968767357,Priority retention contact,Month-to-month,Fiber optic,20,89.95,Electronic check
4029-HPFVY,0.8168052400636509,Priority retention contact,Month-to-month,Fiber optic,3,70.3,Mailed check
2754-XBHTB,0.8167997440881359,Priority retention contact,Month-to-month,Fiber optic,9,77.65,Bank transfer (automatic)
3858-VOBET,0.8162513433271066,Priority retention contact,Month-to-month,Fiber optic,23,74.95,Electronic check
9692-TUSXH,0.8149560493883479,Priority retention contact,Month-to-month,Fiber optic,18,96.05,Electronic check
6338-AVWCY,0.8141039621224222,Priority retention contact,Month-to-month,DSL,3,40.15,Mailed check
9940-RHLFB,0.8131661042203097,Priority retention contact,Month-to-month,Fiber optic,1,75.3,Electronic check
2325-NBPZG,0.8129990902892731,Priority retention contact,Month-to-month,Fiber optic,3,74.55,Electronic check
9227-LUNBG,0.8102140524606621,Priority retention contact,Month-to-month,DSL,1,24.6,Electronic check
9465-RWMXL,0.8092900881645062,Priority retention contact,Month-to-month,Fiber optic,32,78.9,Electronic check
9866-QEVEE,0.8090555785408545,Priority retention contact,Month-to-month,Fiber optic,19,86.0,Bank transfer (automatic)
9512-UIBFX,0.8088470317790656,Priority retention contact,Month-to-month,Fiber optic,18,95.15,Mailed check
7881-EVUAD,0.8087491379497467,Priority retention contact,Month-to-month,DSL,2,42.6,Electronic check
8132-YPVBX,0.8086805427564706,Priority retention contact,Month-to-month,Fiber optic,6,85.95,Mailed check
4686-UXDML,0.8083538264154498,Priority retention contact,Month-to-month,Fiber optic,21,99.85,Credit card (automatic)
2041-JIJCI,0.807460740574013,Priority retention contact,Month-to-month,DSL,5,64.0,Electronic check
5501-TVMGM,0.8072961277199205,Priority retention contact,Month-to-month,DSL,1,55.25,Electronic check
1335-NTIUC,0.8071503852291156,Priority retention contact,Month-to-month,DSL,9,24.95,Electronic check
6821-BUXUX,0.8054128293243188,Priority retention contact,Month-to-month,Fiber optic,13,96.65,Electronic check
9576-ANLXO,0.8053272854645991,Priority retention contact,Month-to-month,Fiber optic,3,69.55,Bank transfer (automatic)
7056-IMHCC,0.8050835957276454,Priority retention contact,Month-to-month,Fiber optic,53,101.9,Electronic check
0581-BXBUB,0.8048926675225713,Priority retention contact,Month-to-month,Fiber optic,4,72.75,Electronic check
8160-HOWOX,0.803959893431625,Priority retention contact,Month-to-month,DSL,7,66.85,Electronic check
8676-TRMJS,0.8038145114091699,Priority retention contact,Month-to-month,Fiber optic,3,75.0,Mailed check
2187-PKZAY,0.803639451565635,Priority retention contact,Month-to-month,Fiber optic,12,79.95,Bank transfer (automatic)
2860-RANUS,0.802331730489969,Priority retention contact,Month-to-month,Fiber optic,20,85.8,Credit card (automatic)
9050-QLROH,0.8020725500654191,Priority retention contact,Month-to-month,Fiber optic,18,90.7,Credit card (automatic)
1100-DDVRV,0.8020471595786218,Priority retention contact,Month-to-month,DSL,17,49.8,Mailed check
1658-TJVOA,0.8019549814260856,Priority retention contact,Month-to-month,Fiber optic,6,74.1,Electronic check
6704-UTUKK,0.8013669208682525,Priority retention contact,Month-to-month,DSL,29,45.9,Electronic check
0682-USIXD,0.8002727810716999,Priority retention contact,Month-to-month,Fiber optic,21,86.05,Electronic check
3063-QFSZL,0.7996837324882335,Priority retention contact,Month-to-month,DSL,1,55.4,Electronic check
1894-IGFSG,0.7992193421055902,Priority retention contact,Month-to-month,Fiber optic,22,89.25,Electronic check
7534-BFESC,0.7981316853543065,Priority retention contact,Month-to-month,Fiber optic,24,76.1,Electronic check
7278-CKDNC,0.7973668807596601,Priority retention contact,Month-to-month,Fiber optic,24,80.5,Electronic check
5606-AMZBO,0.7955801927770201,Priority retention contact,Month-to-month,Fiber optic,10,78.15,Credit card (automatic)
4547-LYTDD,0.7953479230174852,Priority retention contact,Month-to-month,Fiber optic,16,72.65,Electronic check
0376-YMCJC,0.7949102794260313,Priority retention contact,Month-to-month,Fiber optic,23,90.6,Electronic check
7571-YXDAD,0.7946303501065128,Priority retention contact,Month-to-month,Fiber optic,2,74.9,Credit card (automatic)
1902-XBTFB,0.79455769976475,Priority retention contact,Month-to-month,Fiber optic,22,89.4,Electronic check
6175-IRFIT,0.7938582711861955,Priority retention contact,Month-to-month,Fiber optic,5,78.75,Mailed check
0958-YHXGP,0.7934452005746904,Priority retention contact,Month-to-month,Fiber optic,7,69.9,Mailed check
8849-AYPTR,0.7930490549999487,Priority retention contact,Month-to-month,Fiber optic,33,91.25,Electronic check
6680-WKXRZ,0.7923027474605397,Priority retention contact,Month-to-month,Fiber optic,3,74.4,Bank transfer (automatic)
5480-HPRRX,0.792109179194972,Priority retention contact,Month-to-month,DSL,3,25.3,Electronic check
4581-LNWUM,0.790948200551992,Priority retention contact,Month-to-month,DSL,13,49.15,Electronic check
8914-RBTSB,0.7906151997919851,Priority retention contact,Month-to-month,Fiber optic,31,93.8,Electronic check
0988-JRWWP,0.7895807675077126,Priority retention contact,Month-to-month,DSL,3,54.2,Electronic check
9167-APMXZ,0.7890504121135583,Priority retention contact,Month-to-month,Fiber optic,22,84.15,Bank transfer (automatic)
9638-JIQYA,0.7873141558539241,Priority retention contact,Month-to-month,DSL,2,24.9,Credit card (automatic)
0506-LVNGN,0.7872121675499764,Priority retention contact,Month-to-month,Fiber optic,5,75.55,Credit card (automatic)
1092-GANHU,0.7855993062819718,Priority retention contact,Month-to-month,Fiber optic,17,76.65,Electronic check
7952-OBOYL,0.785342121664721,Priority retention contact,Month-to-month,Fiber optic,3,89.85,Mailed check
1236-WFCDV,0.7846149742227619,Priority retention contact,Month-to-month,Fiber optic,14,90.45,Credit card (automatic)
8778-LMWTJ,0.7836042587695243,Priority retention contact,Month-to-month,Fiber optic,9,74.85,Electronic check
5144-TVGLP,0.7831752056842923,Priority retention contact,Month-to-month,Fiber optic,38,94.75,Electronic check
2203-GHNWN,0.7827413663022555,Priority retention contact,Month-to-month,Fiber optic,24,79.65,Mailed check
8993-PHFWD,0.7820999337579781,Priority retention contact,Month-to-month,DSL,3,25.25,Electronic check
0952-KMEEH,0.7805122802688134,Priority retention contact,Month-to-month,Fiber optic,13,98.15,Mailed check
1965-DDBWU,0.7798301823621875,Priority retention contact,Month-to-month,Fiber optic,16,89.05,Credit card (automatic)
3312-ZWLGF,0.7792967351577009,Priority retention contact,Month-to-month,Fiber optic,29,79.3,Electronic check
0778-NELLA,0.7788934287594483,Priority retention contact,Month-to-month,DSL,9,34.7,Credit card (automatic)
5760-FXFVO,0.7780704684207096,Priority retention contact,Month-to-month,Fiber optic,6,78.95,Electronic check
8818-DOPVL,0.7779423775920155,Priority retention contact,Month-to-month,Fiber optic,46,104.45,Electronic check
5016-IBERQ,0.7774125484138474,Priority retention contact,Month-to-month,Fiber optic,23,84.25,Electronic check
2919-HBCJO,0.7769859406474319,Priority retention contact,Month-to-month,Fiber optic,4,76.65,Bank transfer (automatic)
6542-LWGXJ,0.7762526327221897,Priority retention contact,Month-to-month,DSL,3,25.0,Mailed check
0581-MDMPW,0.7762460139447533,Priority retention contact,Month-to-month,Fiber optic,24,88.95,Credit card (automatic)
9048-JVYVF,0.775867868695737,Priority retention contact,Month-to-month,DSL,3,69.35,Electronic check
5828-AVIPD,0.7758164940234316,Priority retention contact,One year,Fiber optic,19,100.95,Electronic check
2309-OSFEU,0.7751850926476328,Priority retention contact,Month-to-month,DSL,10,33.9,Mailed check
0876-WDUUZ,0.7744806153159532,Priority retention contact,Month-to-month,Fiber optic,5,85.4,Credit card (automatic)
1319-YLZJG,0.774422117125198,Priority retention contact,Month-to-month,Fiber optic,12,84.6,Electronic check
7410-YTJIK,0.7743497396542066,Priority retention contact,Month-to-month,Fiber optic,7,75.45,Mailed check
5373-SFODM,0.774178344243943,Priority retention contact,Month-to-month,Fiber optic,36,85.25,Credit card (automatic)
4154-AQUGT,0.7741542809763813,Priority retention contact,Month-to-month,Fiber optic,13,89.05,Bank transfer (automatic)
2501-XWWTZ,0.7738703741696403,Priority retention contact,Month-to-month,Fiber optic,11,70.2,Electronic check
4360-PNRQB,0.7728349676255886,Priority retention contact,Month-to-month,Fiber optic,18,75.6,Bank transfer (automatic)
9851-KIELU,0.7706908186247811,Priority retention contact,Month-to-month,Fiber optic,10,110.1,Electronic check
0082-OQIQY,0.7706427925988154,Priority retention contact,Month-to-month,Fiber optic,29,94.2,Electronic check
8938-UMKPI,0.7706412044020076,Priority retention contact,Month-to-month,Fiber optic,47,106.4,Electronic check
7855-DIWPO,0.7703563771421582,Priority retention contact,Month-to-month,Fiber optic,21,68.65,Electronic check
6834-NXDCA,0.7692638163319443,Priority retention contact,Month-to-month,DSL,13,23.9,Electronic check
4818-QIUFN,0.7692001121561735,Priority retention contact,Month-to-month,Fiber optic,20,79.15,Electronic check
0096-BXERS,0.7688155890337792,Priority retention contact,Month-to-month,DSL,6,50.35,Electronic check
0599-XNYDO,0.7683790110710406,Priority retention contact,Month-to-month,Fiber optic,20,69.8,Bank transfer (automatic)
7587-RZNME,0.7661275804064654,Priority retention contact,Month-to-month,DSL,3,43.3,Electronic check
6166-ILMNY,0.7657777756158025,Priority retention contact,Month-to-month,Fiber optic,2,69.75,Bank transfer (automatic)
5226-NOZFC,0.7657221940831229,Priority retention contact,Month-to-month,Fiber optic,26,85.75,Electronic check
3717-OEAUQ,0.7616020795444651,Priority retention contact,Month-to-month,Fiber optic,2,70.7,Mailed check
8785-CJSHH,0.7615086907517352,Priority retention contact,Month-to-month,Fiber optic,60,99.8,Electronic check
7503-QQRVF,0.7613537058549203,Priority retention contact,Month-to-month,Fiber optic,16,74.3,Credit card (automatic)
6331-LWDTQ,0.7610579739893623,Priority retention contact,Month-to-month,DSL,10,72.15,Credit card (automatic)
5759-RCVCB,0.7610260719357567,Priority retention contact,Month-to-month,DSL,3,35.2,Credit card (automatic)
9927-DSWDF,0.7605667695444237,Priority retention contact,Month-to-month,Fiber optic,22,104.6,Electronic check
9747-DDZOS,0.7598493953765755,Priority retention contact,Month-to-month,Fiber optic,1,73.5,Bank transfer (automatic)
1436-ZMJAN,0.7589220857807527,Priority retention contact,Month-to-month,DSL,10,67.8,Credit card (automatic)
6557-BZXLQ,0.7588326035690875,Priority retention contact,Month-to-month,Fiber optic,16,69.65,Electronic check
5889-JTMUL,0.7569942212813778,Priority retention contact,Month-to-month,Fiber optic,50,95.05,Electronic check
7851-FLGGQ,0.7567879417135268,Priority retention contact,Month-to-month,DSL,1,44.65,Mailed check
0963-ZBDRN,0.7566325103895372,Priority retention contact,Month-to-month,Fiber optic,32,96.2,Electronic check
2800-QQUSO,0.7562804554107097,Priority retention contact,Month-to-month,Fiber optic,42,100.3,Electronic check
5419-KLXBN,0.7560116349195817,Priority retention contact,Month-to-month,Fiber optic,25,89.15,Bank transfer (automatic)
4512-ZUIYL,0.7555255386316972,Priority retention contact,Month-to-month,Fiber optic,2,70.0,Bank transfer (automatic)
6377-WHAOX,0.7545054887414026,Priority retention contact,Month-to-month,Fiber optic,60,106.15,Electronic check
2386-LAHRK,0.7537474064874605,Priority retention contact,Month-to-month,DSL,1,53.5,Mailed check
0310-MVLET,0.7535330334599125,Priority retention contact,Month-to-month,Fiber optic,61,99.15,Electronic check
1833-TCXKK,0.7527351187702811,Priority retention contact,Month-to-month,Fiber optic,45,107.75,Bank transfer (automatic)
6608-QQLVK,0.752283563965537,Priority retention contact,Month-to-month,DSL,1,50.5,Electronic check
2971-SGAFL,0.7508802294536266,Priority retention contact,Month-to-month,DSL,13,78.75,Electronic check
3966-HRMZA,0.7504548356909349,Priority retention contact,Month-to-month,Fiber optic,3,75.05,Mailed check
4248-QPAVC,0.7503660871475697,Priority retention contact,Month-to-month,Fiber optic,17,85.35,Bank transfer (automatic)
9907-SWKKF,0.7491648423528577,Priority retention contact,Month-to-month,DSL,1,25.05,Mailed check
4317-VTEOA,0.7486464659366459,Priority retention contact,Month-to-month,DSL,1,50.75,Electronic check
1035-IPQPU,0.7481063961457662,Priority retention contact,Month-to-month,Fiber optic,63,103.5,Electronic check
5650-YLIBA,0.7466411532112923,Priority retention contact,Month-to-month,Fiber optic,31,81.15,Electronic check
6158-HDPXZ,0.7454909996315121,Priority retention contact,Month-to-month,DSL,1,25.35,Mailed check
9752-ZNQUT,0.7446955676427017,Priority retention contact,Month-to-month,DSL,1,48.6,Electronic check
6481-ESCNL,0.7413217741132484,Priority retention contact,Month-to-month,Fiber optic,29,100.55,Bank transfer (automatic)
6284-AHOOQ,0.739849443458223,Priority retention contact,Month-to-month,Fiber optic,22,90.5,Bank transfer (automatic)
2694-CIUMO,0.7388060680447559,Priority retention contact,Month-to-month,Fiber optic,12,79.55,Credit card (automatic)
8696-JKZNU,0.7369278725753821,Priority retention contact,Month-to-month,Fiber optic,37,76.25,Electronic check
9278-VZKCD,0.7366893713830472,Priority retention contact,Month-to-month,Fiber optic,52,109.1,Electronic check
3334-CTHOL,0.7339260465001904,Priority retention contact,Month-to-month,DSL,1,49.95,Bank transfer (automatic)
9944-AEXBM,0.7334088116364738,Priority retention contact,Month-to-month,Fiber optic,32,85.65,Bank transfer (automatic)
6034-YMTOB,0.733402156683185,Priority retention contact,Month-to-month,Fiber optic,5,75.65,Mailed check
2606-RMDHZ,0.7325704407542845,Priority retention contact,Month-to-month,DSL,6,30.5,Credit card (automatic)
5331-RGMTT,0.7319370680583596,Priority retention contact,Month-to-month,Fiber optic,54,99.05,Credit card (automatic)
9450-TRJUU,0.7317541963567681,Priority retention contact,Month-to-month,Fiber optic,35,83.15,Electronic check
1346-UFHAX,0.7313638998267002,Priority retention contact,Month-to-month,Fiber optic,13,80.0,Credit card (automatic)
5281-BUZGT,0.731070121643227,Priority retention contact,Month-to-month,Fiber optic,36,90.85,Electronic check
2277-DJJDL,0.7308667446625748,Priority retention contact,Month-to-month,Fiber optic,60,99.0,Electronic check
7181-OQCUT,0.729977180404866,Priority retention contact,Month-to-month,Fiber optic,21,103.85,Mailed check
7404-JLKQG,0.7296947075998095,Priority retention contact,Month-to-month,DSL,3,57.55,Electronic check
7460-ITWWP,0.7294018756102039,Priority retention contact,Month-to-month,Fiber optic,45,86.1,Electronic check
0410-IPFTY,0.7287278673610388,Priority retention contact,Month-to-month,Fiber optic,31,83.85,Bank transfer (automatic)
7279-BUYWN,0.7284735167065044,Priority retention contact,Month-to-month,Fiber optic,41,113.2,Electronic check
3540-RZJYU,0.7275083268054189,Priority retention contact,Month-to-month,Fiber optic,15,86.2,Electronic check
6402-EJMWF,0.7259641556747177,Priority retention contact,Month-to-month,DSL,4,55.3,Mailed check
5129-JLPIS,0.725100627936115,Priority retention contact,Month-to-month,Fiber optic,25,105.5,Electronic check
2782-LFZVW,0.7241954627622973,Priority retention contact,Month-to-month,DSL,11,58.95,Mailed check
4760-THGOT,0.7239166284119681,Priority retention contact,Month-to-month,Fiber optic,43,94.1,Electronic check
5461-QKNTN,0.721771382057312,Priority retention contact,Month-to-month,Fiber optic,43,94.3,Electronic check
9508-ILZDG,0.7216843985257938,Priority retention contact,Month-to-month,Fiber optic,34,96.35,Electronic check
0365-GXEZS,0.720123133502637,Priority retention contact,Month-to-month,Fiber optic,18,78.2,Electronic check
2604-IJPDU,0.719132851317644,Priority retention contact,Month-to-month,Fiber optic,20,96.55,Electronic check
4640-UHDOS,0.7189036015141126,Priority retention contact,Month-to-month,DSL,13,55.95,Electronic check
3094-JOJAI,0.7186784523179156,Priority retention contact,Month-to-month,Fiber optic,18,74.15,Mailed check
8080-DDEMJ,0.7185940270455131,Priority retention contact,Month-to-month,DSL,1,45.1,Electronic check
4706-DGAHW,0.7185398538716785,Priority retention contact,Month-to-month,DSL,1,45.2,Electronic check
4570-QHXHL,0.7183513024584722,Priority retention contact,Month-to-month,DSL,9,43.75,Electronic check
0430-IHCDJ,0.7176806295456949,Priority retention contact,Month-to-month,DSL,15,49.0,Electronic check
3587-PMCOY,0.7153845111745274,Priority retention contact,One year,Fiber optic,10,98.9,Electronic check
3932-CMDTD,0.714899756431562,Priority retention contact,One year,Fiber optic,4,105.65,Electronic check
8988-ECPJR,0.714585149408981,Priority retention contact,Month-to-month,Fiber optic,34,79.6,Mailed check
9979-RGMZT,0.7143186482847752,Priority retention contact,One year,Fiber optic,7,94.05,Mailed check
2227-JRSJX,0.7138263164781709,Priority retention contact,Month-to-month,Fiber optic,21,99.15,Bank transfer (automatic)
6661-HBGWL,0.7133082540468118,Priority retention contact,Month-to-month,Fiber optic,42,104.75,Bank transfer (automatic)
9576-SYUHJ,0.7125771012032002,Priority retention contact,Month-to-month,Fiber optic,37,91.15,Electronic check
2587-EKXTS,0.7125266140074675,Priority retention contact,Month-to-month,Fiber optic,44,111.5,Electronic check
7129-ACFOG,0.7103448736894548,Priority retention contact,Month-to-month,DSL,5,53.8,Electronic check
1942-OQFRW,0.7099851103056474,Priority retention contact,Month-to-month,DSL,1,44.0,Electronic check
9369-XFEHK,0.7095192231790858,Priority retention contact,Month-to-month,Fiber optic,33,80.6,Bank transfer (automatic)
8601-QACRS,0.7093581053275687,Priority retention contact,Month-to-month,DSL,5,50.6,Mailed check
7529-ZDFXI,0.7092623445571866,Priority retention contact,Month-to-month,Fiber optic,57,89.85,Electronic check
7663-RGWBC,0.7090213512320482,Priority retention contact,Month-to-month,DSL,1,44.15,Mailed check
4619-EVPHY,0.7088746236096459,Priority retention contact,One year,Fiber optic,20,91.0,Bank transfer (automatic)
3374-LXDEV,0.7084783517698355,Priority retention contact,Month-to-month,Fiber optic,13,89.4,Electronic check
6317-YPKDH,0.7079799823846601,Priority retention contact,Month-to-month,DSL,1,29.95,Bank transfer (automatic)
4237-RLAQD,0.7074653029615112,Priority retention contact,Month-to-month,DSL,1,45.85,Mailed check
9286-DOJGF,0.7069824123412078,Priority retention contact,Month-to-month,Fiber optic,38,74.95,Bank transfer (automatic)
6710-HSJRD,0.7049959350787475,Priority retention contact,Month-to-month,Fiber optic,61,114.1,Electronic check
8158-WPEZG,0.704264235077155,Priority retention contact,Month-to-month,DSL,11,35.65,Electronic check
5609-IMCGG,0.7040552705244972,Priority retention contact,Month-to-month,Fiber optic,15,84.35,Credit card (automatic)
2178-PMGCJ,0.7037616858903738,Priority retention contact,Month-to-month,Fiber optic,22,69.7,Mailed check
9381-NDKME,0.7021731278125967,Priority retention contact,Month-to-month,DSL,24,40.65,Credit card (automatic)
1536-HBSWP,0.7019570450824558,Priority retention contact,Month-to-month,DSL,1,49.9,Electronic check
0322-CHQRU,0.6996850369702323,Priority retention contact,Month-to-month,DSL,2,45.35,Electronic check
4526-ZJJTM,0.6988989784890585,Priority retention contact,Month-to-month,Fiber optic,25,88.4,Bank transfer (automatic)
1310-QRITU,0.6977291879842065,Priority retention contact,Month-to-month,DSL,18,50.3,Electronic check
6128-AQBMT,0.69748420694141,Priority retention contact,Month-to-month,DSL,41,53.95,Electronic check
6048-QBXKL,0.6956955803859951,Priority retention contact,Month-to-month,DSL,2,56.55,Credit card (automatic)
5133-POWUA,0.6940365960373415,Priority retention contact,Month-to-month,DSL,1,45.8,Mailed check
4678-DVQEO,0.6911358132170498,Priority retention contact,Month-to-month,DSL,1,52.2,Electronic check
3627-FHKBK,0.6910481291656603,Priority retention contact,Month-to-month,Fiber optic,1,75.3,Mailed check
6946-LMSQS,0.6906039890091312,Priority retention contact,One year,Fiber optic,25,89.05,Electronic check
6729-GDNGC,0.6885540741129721,Priority retention contact,Month-to-month,Fiber optic,20,80.7,Bank transfer (automatic)
7277-OZCGZ,0.6884996308598953,Priority retention contact,Month-to-month,Fiber optic,22,89.05,Electronic check
5692-FPTAH,0.6879801628592513,Priority retention contact,Month-to-month,DSL,1,45.4,Mailed check
9710-ZUSHQ,0.6878561759406321,Priority retention contact,Month-to-month,Fiber optic,37,106.75,Bank transfer (automatic)
3466-RITXD,0.6875490602579792,Priority retention contact,Month-to-month,Fiber optic,26,92.4,Credit card (automatic)
6845-RGTYS,0.687067277009749,Priority retention contact,Month-to-month,Fiber optic,47,98.75,Electronic check
7504-UWHNB,0.6848647359901983,Priority retention contact,Month-to-month,Fiber optic,25,69.75,Electronic check
8058-DMYRU,0.6842680958820704,Priority retention contact,Month-to-month,Fiber optic,54,90.05,Electronic check
3331-HQDTW,0.6826884702466852,Priority retention contact,Month-to-month,Fiber optic,34,109.8,Mailed check
1471-GIQKQ,0.6809410865346408,Priority retention contact,Month-to-month,DSL,1,49.95,Electronic check
6227-HWPWX,0.678855384794036,Priority retention contact,Month-to-month,Fiber optic,15,69.0,Bank transfer (automatic)
1587-FKLZB,0.6788033632130042,Priority retention contact,Month-to-month,Fiber optic,66,99.5,Credit card (automatic)
4695-VADHF,0.6786951168366373,Priority retention contact,Month-to-month,DSL,18,57.45,Electronic check
0531-ZZJWQ,0.6773220448320006,Priority retention contact,Month-to-month,Fiber optic,55,74.0,Electronic check
8280-MQRQN,0.6769928140784572,Priority retention contact,Month-to-month,DSL,1,50.45,Mailed check
1816-FLZDK,0.6769050908727893,Priority retention contact,Month-to-month,DSL,1,29.15,Mailed check
1465-LNTLJ,0.6748508249873961,Priority retention contact,Month-to-month,DSL,8,64.4,Credit card (automatic)
2257-BOVXD,0.6747843323701337,Priority retention contact,Month-to-month,DSL,14,66.6,Credit card (automatic)
6022-UGGSO,0.6720164124792947,Priority retention contact,Month-to-month,Fiber optic,32,74.4,Electronic check
9992-UJOEL,0.6705641747523351,Priority retention contact,Month-to-month,DSL,2,50.3,Mailed check
2770-NSVDG,0.6691777917976788,Priority retention contact,Month-to-month,DSL,24,29.1,Electronic check
5301-GAUUY,0.6683843054490017,Priority retention contact,Month-to-month,Fiber optic,32,80.35,Bank transfer (automatic)
2988-PLAHS,0.6673166027191558,Priority retention contact,One year,DSL,3,69.95,Electronic check
4993-JCRGJ,0.6672224954455187,Priority retention contact,Month-to-month,Fiber optic,26,84.3,Mailed check
0431-APWVY,0.6660805963039158,Priority retention contact,One year,Fiber optic,28,90.1,Bank transfer (automatic)
2960-NKRSO,0.6658751920922781,Priority retention contact,Month-to-month,Fiber optic,24,85.95,Electronic check
6770-XUAGN,0.6656729216581517,Priority retention contact,Month-to-month,No,1,21.0,Electronic check
1261-FWTTE,0.6643883133807121,Priority retention contact,Month-to-month,DSL,23,34.65,Bank transfer (automatic)
2277-VWCNI,0.6643050585534048,Priority retention contact,Month-to-month,DSL,4,48.75,Mailed check
0422-UXFAP,0.6640006358455343,Priority retention contact,One year,Fiber optic,51,98.85,Electronic check
6825-UYPFK,0.6629909578325013,Priority retention contact,Month-to-month,Fiber optic,23,75.6,Bank transfer (automatic)
4905-JEFDW,0.6626323644634857,Priority retention contact,One year,DSL,11,41.6,Electronic check
4840-ORQXB,0.6621746966627534,Priority retention contact,Month-to-month,Fiber optic,56,104.75,Electronic check
6304-IJFSQ,0.6619030196152429,Priority retention contact,Month-to-month,DSL,3,49.9,Mailed check
6711-VTNRE,0.6603206372015081,Priority retention contact,Month-to-month,Fiber optic,36,87.55,Electronic check
0015-UOCOJ,0.6602486434406315,Priority retention contact,Month-to-month,DSL,7,48.2,Electronic check
4226-KKDON,0.6595457888898271,Priority retention contact,Month-to-month,DSL,8,66.65,Electronic check
3569-EDBPQ,0.6592089654012934,Priority retention contact,Month-to-month,Fiber optic,24,84.35,Electronic check
1169-WCVAK,0.6590615250833098,Priority retention contact,Month-to-month,Fiber optic,19,88.8,Credit card (automatic)
1357-BIJKI,0.6574353975162788,Priority retention contact,One year,Fiber optic,50,98.25,Electronic check
3197-ARFOY,0.6555370113124924,Priority retention contact,Month-to-month,Fiber optic,19,105.0,Mailed check
3658-KIBGF,0.6549188381308315,Priority retention contact,Month-to-month,DSL,1,54.9,Electronic check
6429-SHBCB,0.6548622672124423,Priority retention contact,Month-to-month,DSL,19,69.6,Mailed check
0730-KOAVE,0.6520464214772821,Priority retention contact,Month-to-month,Fiber optic,30,94.3,Credit card (automatic)
7579-OOPEC,0.651306361457864,Priority retention contact,Month-to-month,DSL,2,50.15,Credit card (automatic)
4690-LLKUA,0.6505042186066056,Priority retention contact,Month-to-month,DSL,17,45.05,Electronic check
5949-HGVJL,0.6499370683558169,Priority retention contact,Month-to-month,DSL,26,73.05,Electronic check
7055-HNEOJ,0.6474643566555182,Priority retention contact,Month-to-month,DSL,3,55.8,Mailed check
4983-CLMLV,0.6471614625192574,Priority retention contact,Month-to-month,Fiber optic,52,102.7,Credit card (automatic)
0979-PHULV,0.64702211602262,Priority retention contact,Month-to-month,Fiber optic,69,99.45,Credit card (automatic)
2432-TFSMK,0.6465430856486386,Priority retention contact,One year,Fiber optic,18,89.6,Credit card (automatic)
5213-TWWJU,0.6458533383211079,Priority retention contact,Month-to-month,Fiber optic,28,91.0,Electronic check
6234-PFPXL,0.6457984664755458,Priority retention contact,Month-to-month,Fiber optic,22,95.9,Credit card (automatic)
6173-GOLSU,0.6450636193539221,Priority retention contact,Month-to-month,Fiber optic,67,94.65,Credit card (automatic)
1550-LOAHA,0.6438183879521042,Priority retention contact,Month-to-month,Fiber optic,32,84.15,Bank transfer (automatic)
9819-FBNSV,0.6409642149673819,Priority retention contact,Month-to-month,Fiber optic,37,72.25,Bank transfer (automatic)
1559-DTODC,0.6399397470637749,Priority retention contact,Month-to-month,DSL,19,25.15,Bank transfer (automatic)
3207-OYBWH,0.6387362007262216,Priority retention contact,Month-to-month,Fiber optic,57,95.25,Bank transfer (automatic)
4208-UFFGW,0.6383877700219059,Priority retention contact,Month-to-month,DSL,2,44.95,Mailed check
4829-AUOAX,0.6374743040977502,Priority retention contact,Month-to-month,Fiber optic,46,96.05,Bank transfer (automatic)
3923-CSIHK,0.6351925372972076,Priority retention contact,Month-to-month,Fiber optic,50,71.05,Electronic check
5438-QMDDL,0.6348242278706503,Priority retention contact,Month-to-month,DSL,19,59.8,Mailed check
7876-BEUTG,0.6327377308112648,Priority retention contact,Month-to-month,DSL,15,48.8,Mailed check
4329-YPDDQ,0.6322293777930713,Priority retention contact,Month-to-month,Fiber optic,20,108.2,Bank transfer (automatic)
0363-QJVFX,0.6306505192085063,Priority retention contact,Month-to-month,Fiber optic,32,108.15,Credit card (automatic)
9812-GHVRI,0.6302581939591019,Priority retention contact,Month-to-month,Fiber optic,40,83.85,Bank transfer (automatic)
2672-OJQZP,0.6276366158075785,Priority retention contact,Month-to-month,DSL,1,44.75,Mailed check
3594-KADLU,0.6274609537812637,Priority retention contact,Month-to-month,DSL,3,35.1,Mailed check
1895-QTKDO,0.6274070270993768,Priority retention contact,Month-to-month,DSL,1,43.95,Credit card (automatic)
7054-LGEQW,0.6261794080133647,Priority retention contact,Month-to-month,DSL,1,45.95,Mailed check
3325-FUYCG,0.6233276242961483,Priority retention contact,One year,Fiber optic,28,106.1,Electronic check
1205-WNWPJ,0.6223171828620593,Priority retention contact,Month-to-month,DSL,7,59.5,Mailed check
8840-DQLGN,0.6218803742803781,Priority retention contact,Month-to-month,Fiber optic,35,100.5,Bank transfer (automatic)
4223-WOZCM,0.6217443508086217,Priority retention contact,Month-to-month,DSL,2,49.95,Mailed check
2139-FQHLM,0.6208671452530601,Priority retention contact,Month-to-month,Fiber optic,19,89.95,Mailed check
9112-WSNPU,0.6176631274993233,Priority retention contact,Month-to-month,Fiber optic,35,70.55,Electronic check
2386-OWURY,0.6175123028917942,Priority retention contact,Month-to-month,Fiber optic,58,95.3,Electronic check
0668-OGMHD,0.6170823972509649,Priority retention contact,Month-to-month,DSL,21,28.5,Electronic check
9732-KPKBW,0.6162033601101617,Priority retention contact,Month-to-month,DSL,1,53.95,Electronic check
2190-BCXEC,0.6150218670618793,Priority retention contact,Month-to-month,Fiber optic,40,78.85,Credit card (automatic)
2101-RANCD,0.6135365513187491,Priority retention contact,Month-to-month,Fiber optic,55,73.1,Electronic check
5698-BQJOH,0.611653906851032,Priority retention contact,Month-to-month,Fiber optic,9,94.4,Electronic check
4067-HLYQI,0.6113515486762864,Priority retention contact,Month-to-month,Fiber optic,33,70.4,Bank transfer (automatic)
5402-HTOTQ,0.610653875504977,Priority retention contact,Month-to-month,DSL,16,55.3,Electronic check
8623-ULFNQ,0.609693914818487,Priority retention contact,Month-to-month,DSL,26,66.05,Electronic check
1848-LBZHY,0.6050993873417575,Priority retention contact,Month-to-month,DSL,7,50.3,Bank transfer (automatic)
7410-KTVFV,0.6015670085950546,Priority retention contact,Month-to-month,DSL,18,49.55,Mailed check
9079-YEXQJ,0.6011169538577653,Priority retention contact,Month-to-month,Fiber optic,54,111.1,Electronic check
8757-TFHHJ,0.6007146245775231,Priority retention contact,Month-to-month,DSL,1,49.8,Credit card (automatic)
2452-KDRRH,0.600548831460806,Priority retention contact,Month-to-month,Fiber optic,67,101.4,Credit card (automatic)
6257-RJOHI,0.596758624186911,Priority retention contact,Month-to-month,DSL,4,50.8,Mailed check
8033-VCZGH,0.5966586023801342,Priority retention contact,One year,Fiber optic,50,103.95,Electronic check
9054-FOWNV,0.5947555490404113,Priority retention contact,Month-to-month,Fiber optic,22,88.75,Electronic check
2279-AXJJK,0.5914276730979686,Priority retention contact,Month-to-month,Fiber optic,52,95.65,Credit card (automatic)
4396-KLSEH,0.5901352701256249,Priority retention contact,Month-to-month,No,4,19.85,Electronic check
7928-VJYAB,0.5872418866486563,Priority retention contact,Month-to-month,Fiber optic,11,90.6,Electronic check
7054-ENNGU,0.5863135290005648,Priority retention contact,Month-to-month,DSL,9,50.85,Mailed check
6646-QVXLR,0.5861391061776833,Priority retention contact,One year,Fiber optic,62,103.75,Electronic check
9822-WMWVG,0.5845145908198186,Priority retention contact,Month-to-month,Fiber optic,41,106.5,Electronic check
0742-MOABM,0.5835932859079498,Priority retention contact,Month-to-month,DSL,4,50.05,Mailed check
5575-TPIZQ,0.5831291819648172,Priority retention contact,Month-to-month,Fiber optic,46,89.15,Credit card (automatic)
3018-TFTSU,0.5827182457913045,Priority retention contact,Month-to-month,Fiber optic,12,81.7,Bank transfer (automatic)
2195-VVRJF,0.5806282398734312,Priority retention contact,Month-to-month,DSL,18,59.1,Credit card (automatic)
1541-ETJZO,0.5804237676616529,Priority retention contact,Month-to-month,DSL,1,62.05,Mailed check
4819-HJPIW,0.5793325600583416,Priority retention contact,Month-to-month,DSL,18,25.15,Mailed check
8805-JNRAZ,0.579003729512381,Priority retention contact,Month-to-month,DSL,2,49.2,Mailed check
5600-PDUJF,0.578386406646742,Priority retention contact,Month-to-month,DSL,6,49.5,Credit card (automatic)
9254-RBFON,0.577194324424412,Priority retention contact,One year,Fiber optic,17,98.6,Bank transfer (automatic)
4724-WXVWF,0.576537650962558,Priority retention contact,Month-to-month,Fiber optic,48,95.4,Electronic check
0058-EVZWM,0.5760722392058032,Priority retention contact,Month-to-month,Fiber optic,55,89.8,Bank transfer (automatic)
2778-OCLGR,0.5745660982278806,Priority retention contact,Month-to-month,DSL,24,39.1,Bank transfer (automatic)
2692-PFYTJ,0.5711155109348148,Priority retention contact,Month-to-month,No,1,25.75,Mailed check
6137-NICCO,0.5710341811026983,Priority retention contact,Month-to-month,Fiber optic,6,94.05,Mailed check
9767-FFLEM,0.570418350400373,Priority retention contact,Month-to-month,Fiber optic,38,69.5,Credit card (automatic)
9327-QSDED,0.5685675471970268,Priority retention contact,Month-to-month,DSL,8,43.55,Mailed check
2446-ZKVAF,0.5685015016595727,Priority retention contact,Month-to-month,DSL,18,56.8,Credit card (automatic)
7067-KSAZT,0.5684772537512401,Priority retention contact,One year,Fiber optic,65,106.25,Electronic check
8455-HIRAQ,0.5677035390073224,Priority retention contact,Month-to-month,DSL,8,44.45,Mailed check
2478-EEWWM,0.5667563428051089,Priority retention contact,Month-to-month,DSL,59,44.3,Electronic check
8728-SKJLR,0.5667042319235288,Priority retention contact,Month-to-month,Fiber optic,41,74.25,Electronic check
3069-SSVSN,0.5637216060982774,Priority retention contact,One year,DSL,1,25.85,Mailed check
9163-GHAYE,0.5626351980988887,Priority retention contact,Month-to-month,DSL,15,48.85,Electronic check
6184-DYUOB,0.5619158319988878,Priority retention contact,Month-to-month,No,3,19.6,Mailed check
6713-OKOMC,0.561596691113976,Priority retention contact,Month-to-month,DSL,10,29.75,Mailed check
7398-LXGYX,0.5596678501622911,Priority retention contact,Month-to-month,Fiber optic,44,84.8,Credit card (automatic)
1575-KRZZE,0.5573556422217315,Priority retention contact,Month-to-month,DSL,4,55.2,Electronic check
2522-AHJXR,0.5559513046104805,Priority retention contact,Month-to-month,Fiber optic,60,109.45,Bank transfer (automatic)
6874-SGLHU,0.5548206035728681,Priority retention contact,One year,Fiber optic,30,97.0,Bank transfer (automatic)
1379-FRVEB,0.5523432520915347,Priority retention contact,Month-to-month,Fiber optic,15,91.0,Electronic check
2108-YKQTY,0.5522267579350651,Priority retention contact,Month-to-month,DSL,4,50.7,Credit card (automatic)
3982-XWFZQ,0.551203097119301,Priority retention contact,Month-to-month,DSL,42,50.25,Electronic check
2924-KHUVI,0.5510672878094038,Priority retention contact,One year,Fiber optic,56,100.55,Electronic check
6815-ABQFQ,0.5496721964514647,Priority retention contact,One year,Fiber optic,56,107.25,Electronic check
6854-EXGSF,0.5496667015815482,Priority retention contact,Month-to-month,DSL,8,65.5,Bank transfer (automatic)
0390-DCFDQ,0.5496442493289616,Priority retention contact,Month-to-month,Fiber optic,1,70.45,Mailed check
9103-TCIHJ,0.5486929592338207,Priority retention contact,Month-to-month,DSL,15,55.7,Mailed check
0823-HSCDJ,0.5469666458103327,Priority retention contact,Month-to-month,DSL,52,49.15,Electronic check
4672-FOTSD,0.5464456584853291,Priority retention contact,Month-to-month,DSL,12,67.25,Electronic check
2293-IJWPS,0.5443548635995769,Priority retention contact,One year,Fiber optic,57,100.75,Credit card (automatic)
5136-RGMZO,0.5427619868080548,Priority retention contact,Month-to-month,DSL,31,71.05,Electronic check
6284-KMNUF,0.541786233764832,Priority retention contact,One year,Fiber optic,56,98.0,Electronic check
2087-QAREY,0.5416132653218358,Priority retention contact,Month-to-month,DSL,22,54.7,Mailed check
7893-IXHRQ,0.5410523497808442,Priority retention contact,Month-to-month,No,1,20.55,Electronic check
8992-CEUEN,0.5392248065912714,Priority retention contact,Month-to-month,No,1,18.85,Electronic check
3179-GBRWV,0.5364032612208512,Priority retention contact,Month-to-month,DSL,21,64.95,Bank transfer (automatic)
1217-VASWC,0.534453129233104,Priority retention contact,One year,Fiber optic,43,100.55,Bank transfer (automatic)
2828-SLQPF,0.534308339293077,Priority retention contact,Month-to-month,DSL,19,45.0,Bank transfer (automatic)
1370-GGAWX,0.533514372667479,Priority retention contact,One year,Fiber optic,46,94.15,Electronic check
9779-DPNEJ,0.5319410092969654,Priority retention contact,Month-to-month,Fiber optic,22,80.15,Electronic check
6047-YHPVI,0.5304720773435293,Priority retention contact,Month-to-month,Fiber optic,5,69.7,Electronic check
4667-OHGKG,0.5297167464293057,Priority retention contact,Month-to-month,No,1,19.3,Mailed check
1240-KNSEZ,0.5294316559960908,Priority retention contact,Month-to-month,No,1,20.1,Mailed check
3604-WLABM,0.5290218709755459,Priority retention contact,Month-to-month,DSL,10,54.25,Electronic check
2369-FEVNO,0.5286430152906565,Priority retention contact,Month-to-month,No,1,19.9,Mailed check
1622-HSHSF,0.528492180932741,Priority retention contact,Month-to-month,No,1,19.55,Mailed check
5136-GFPMB,0.5279602586964997,Priority retention contact,Month-to-month,Fiber optic,54,89.4,Credit card (automatic)
7750-EYXWZ,0.52591111349102,Priority retention contact,One year,DSL,12,60.65,Electronic check
4524-QCSSM,0.5254122315388425,Priority retention contact,Month-to-month,DSL,26,44.65,Bank transfer (automatic)
7853-WNZSY,0.5238265418799488,Priority retention contact,Month-to-month,No,1,19.75,Credit card (automatic)
1493-AMTIE,0.5225949667234334,Priority retention contact,Month-to-month,No,1,20.2,Bank transfer (automatic)
8620-RJPZN,0.5211766979026887,Priority retention contact,Month-to-month,No,1,20.7,Electronic check
6769-DYBQN,0.5194142548561232,Priority retention contact,Month-to-month,Fiber optic,46,85.0,Electronic check
7495-OOKFY,0.5164204861054772,Priority retention contact,Month-to-month,Fiber optic,8,80.65,Credit card (automatic)
7629-WIXZF,0.5132519687333742,Priority retention contact,One year,DSL,7,59.1,Electronic check
6270-OMFIW,0.5127020433296763,Priority retention contact,One year,Fiber optic,60,94.4,Electronic check
1077-HUUJM,0.5126294330083078,Priority retention contact,Month-to-month,Fiber optic,7,71.05,Electronic check
0471-ARVMX,0.5096361900476916,Priority retention contact,One year,Fiber optic,62,104.85,Electronic check
8713-IGZSO,0.5092597131898025,Priority retention contact,Month-to-month,No,2,24.85,Mailed check
4693-VWVBO,0.508301842891239,Priority retention contact,Month-to-month,No,3,19.55,Electronic check
4237-CLSMM,0.5079613416903729,Priority retention contact,Month-to-month,No,2,20.0,Mailed check
4190-MFLUW,0.5079163978292557,Priority retention contact,Month-to-month,DSL,10,55.2,Credit card (automatic)
7130-CTCUS,0.5078108123995084,Priority retention contact,Month-to-month,DSL,16,54.55,Bank transfer (automatic)
3756-VNWDH,0.5075928095093973,Priority retention contact,One year,Fiber optic,65,100.75,Electronic check
4003-FUSHP,0.5070955953813431,Priority retention contact,Month-to-month,DSL,19,61.55,Credit card (automatic)
2480-EJWYP,0.5060071757001033,Priority retention contact,One year,Fiber optic,58,97.8,Bank transfer (automatic)
1360-JYXKQ,0.5054281405052663,Priority retention contact,One year,Fiber optic,54,99.1,Electronic check
5469-CTCWN,0.5053802228878519,Priority retention contact,One year,Fiber optic,61,106.0,Electronic check
2955-PSXOE,0.5045052443058173,Priority retention contact,Month-to-month,No,1,20.2,Bank transfer (automatic)
2669-QVCRG,0.5039296153223098,Priority retention contact,Month-to-month,Fiber optic,41,81.3,Credit card (automatic)
0701-TJSEF,0.5032381580433288,Priority retention contact,Month-to-month,DSL,9,68.25,Bank transfer (automatic)
1087-UDSIH,0.5032123194307594,Priority retention contact,Month-to-month,No,3,19.6,Mailed check
6898-MDLZW,0.5025279420107119,Priority retention contact,Month-to-month,DSL,12,53.75,Mailed check
5186-EJEGL,0.5013238488379946,Priority retention contact,Month-to-month,DSL,9,69.5,Mailed check
7251-LJBQN,0.5000427508467011,Priority retention contact,One year,Fiber optic,40,103.75,Credit card (automatic)
3594-IVHJZ,0.49888016815989805,Priority retention contact,Month-to-month,No,2,20.45,Mailed check
9643-AVVWI,0.49722369353305007,Priority retention contact,Month-to-month,Fiber optic,3,80.0,Electronic check
6890-PFRQX,0.4968214896091021,Priority retention contact,Month-to-month,DSL,18,69.5,Mailed check
3794-NFNCH,0.4964952832731387,Priority retention contact,Month-to-month,DSL,30,50.0,Mailed check
0719-SYFRB,0.49526362857718004,Priority retention contact,Month-to-month,DSL,12,61.65,Mailed check
4945-RVMTE,0.49256603516577724,Priority retention contact,Month-to-month,DSL,28,59.55,Bank transfer (automatic)
7017-VFULY,0.489180858627335,Priority retention contact,Month-to-month,No,2,20.1,Bank transfer (automatic)
9139-WQQDY,0.4890542921700438,Priority retention contact,One year,Fiber optic,49,100.45,Mailed check
7124-UGSUR,0.48627047503730275,Priority retention contact,One year,Fiber optic,61,104.4,Credit card (automatic)
2995-UPRYS,0.48533962719005996,Priority retention contact,One year,Fiber optic,40,99.2,Credit card (automatic)
7395-XWZOY,0.48484842146816287,Priority retention contact,Month-to-month,DSL,20,55.0,Credit card (automatic)
7733-UDMTP,0.4842516021336716,Priority retention contact,Month-to-month,DSL,57,55.0,Electronic check
0463-WZZKO,0.4809677866077589,Priority retention contact,Month-to-month,No,3,20.75,Credit card (automatic)
0959-WHOKV,0.480831828840897,Priority retention contact,One year,Fiber optic,42,99.0,Electronic check
5022-JNQEQ,0.4807354080930188,Priority retention contact,Month-to-month,Fiber optic,9,75.85,Electronic check
7251-XFOIL,0.48072305533192855,Priority retention contact,Month-to-month,Fiber optic,61,89.2,Mailed check
3523-QRQLL,0.48018907944621764,Priority retention contact,One year,DSL,22,69.5,Bank transfer (automatic)
9097-ZUBYC,0.47987916702218664,Priority retention contact,Month-to-month,DSL,14,48.8,Bank transfer (automatic)
6664-FPDAC,0.47836053053244604,Priority retention contact,One year,Fiber optic,56,111.95,Electronic check
4947-DSMXK,0.4764058600054141,Priority retention contact,Month-to-month,Fiber optic,34,97.7,Bank transfer (automatic)
8166-ORCHU,0.47452292839475957,Priority retention contact,One year,Fiber optic,33,93.55,Electronic check
4541-RMRLG,0.4735165504519774,Priority retention contact,Month-to-month,No,7,19.25,Electronic check
3858-XHYJO,0.47161094383218144,Priority retention contact,One year,Fiber optic,40,105.75,Bank transfer (automatic)
5482-NUPNA,0.4694648118842829,Priority retention contact,Month-to-month,DSL,4,60.4,Mailed check
8445-DNBAE,0.46779348763690654,Priority retention contact,Month-to-month,DSL,1,50.05,Electronic check
4160-AMJTL,0.4673525001055507,Priority retention contact,Month-to-month,No,8,19.65,Electronic check
9701-CDXHR,0.46681393732853405,Priority retention contact,Month-to-month,Fiber optic,51,69.15,Mailed check
5380-WJKOV,0.4668045011897703,Priority retention contact,Month-to-month,Fiber optic,34,106.35,Electronic check
3313-QKNKB,0.4652341094657203,Priority retention contact,One year,Fiber optic,59,85.55,Electronic check
8212-DJRCH,0.4649825206851861,Priority retention contact,Month-to-month,Fiber optic,5,90.35,Mailed check
2659-VXMWZ,0.4642757558316671,Priority retention contact,One year,Fiber optic,67,111.3,Electronic check
1386-ZIKUV,0.4637197478818635,Priority retention contact,Month-to-month,No,7,18.95,Mailed check
0733-VUNUW,0.46273232094945155,Priority retention contact,Month-to-month,DSL,24,55.65,Bank transfer (automatic)
8190-ZTQFB,0.4612133770188965,Priority retention contact,One year,DSL,41,51.35,Electronic check
2843-CQMEG,0.45907430071588606,Priority retention contact,Month-to-month,DSL,24,49.7,Mailed check
3694-GLTJM,0.4586957461389017,Priority retention contact,Month-to-month,No,5,19.65,Credit card (automatic)
5198-EFNBM,0.4586467098220873,Priority retention contact,One year,Fiber optic,57,90.65,Electronic check
6258-NGCNG,0.458369036074722,Priority retention contact,Month-to-month,No,7,23.5,Mailed check
9788-YTFGE,0.4564259561135763,Priority retention contact,Month-to-month,No,7,19.95,Mailed check
1015-OWJKI,0.4563499045956227,Priority retention contact,Month-to-month,No,1,19.05,Mailed check
8053-WWDRO,0.455926959467546,Priority retention contact,Month-to-month,No,6,19.5,Bank transfer (automatic)
6286-SUUWT,0.4554798411936346,Priority retention contact,Month-to-month,No,1,19.95,Mailed check
4892-VLANZ,0.4546058715762857,Priority retention contact,Month-to-month,No,1,19.8,Mailed check
2212-LYASK,0.4522140049167782,Priority retention contact,One year,DSL,27,45.85,Credit card (automatic)
7239-HZZCX,0.45119168440859253,Priority retention contact,Month-to-month,No,1,19.75,Mailed check
8409-WQJUX,0.4502858731235622,Priority retention contact,One year,DSL,25,54.2,Electronic check
3976-NLDEZ,0.4499711380216183,Priority retention contact,Month-to-month,No,1,20.6,Mailed check
5766-ZJYBB,0.4493419470365084,Priority retention contact,Month-to-month,No,1,19.4,Mailed check
9025-ZRPVR,0.44890381674968766,Priority retention contact,Month-to-month,No,9,18.95,Mailed check
0365-TRTPY,0.44887398572751813,Priority retention contact,Month-to-month,Fiber optic,37,91.2,Bank transfer (automatic)
8378-LKJAF,0.4486048698821874,Priority retention contact,Month-to-month,Fiber optic,38,101.15,Credit card (automatic)
8903-XEBGX,0.4476891243267989,Priority retention contact,Month-to-month,DSL,2,55.3,Electronic check
7748-UMTRK,0.44645062010206055,Priority retention contact,Month-to-month,Fiber optic,30,101.3,Electronic check
9122-UMROB,0.4459617755921566,Priority retention contact,Month-to-month,No,1,20.3,Mailed check
6654-QGBZZ,0.44491900964043407,Priority retention contact,Month-to-month,No,1,19.9,Mailed check
7018-WBJNK,0.4441459193469771,Priority retention contact,Month-to-month,Fiber optic,13,78.3,Credit card (automatic)
2308-STERM,0.44099517442881375,Priority retention contact,Month-to-month,No,2,19.4,Mailed check
4013-GUXND,0.4409095605416526,Priority retention contact,Month-to-month,No,1,20.8,Mailed check
7957-RYHQD,0.4409009961326608,Priority retention contact,Month-to-month,Fiber optic,40,79.2,Credit card (automatic)
4211-MMAZN,0.4398466082491894,Priority retention contact,Month-to-month,No,1,20.25,Mailed check
3930-ZGWVE,0.43974239734672405,Priority retention contact,Month-to-month,No,1,19.75,Mailed check
7603-USHJS,0.4392476148934295,Priority retention contact,Month-to-month,Fiber optic,12,73.75,Credit card (automatic)
2668-TZSPS,0.43754964512127864,Priority retention contact,Month-to-month,No,1,20.45,Mailed check
1194-SPVSP,0.43714383385603345,Priority retention contact,Month-to-month,No,1,19.65,Bank transfer (automatic)
8749-CLJXC,0.43642094307559043,Priority retention contact,Month-to-month,No,1,20.05,Mailed check
4016-BJKTZ,0.4362668944047362,Priority retention contact,Two year,Fiber optic,25,108.9,Electronic check
1963-VAUKV,0.4360035488123714,Priority retention contact,Month-to-month,No,1,20.4,Mailed check
1110-KYLGQ,0.43539955166928634,Priority retention contact,Month-to-month,Fiber optic,63,108.25,Credit card (automatic)
1051-GEJLJ,0.43407612279330055,Priority retention contact,Month-to-month,No,2,19.5,Mailed check
3339-EAQNV,0.4327415855599321,Priority retention contact,One year,Fiber optic,72,97.25,Credit card (automatic)
9033-EOXWV,0.4322691458993433,Priority retention contact,One year,DSL,12,74.05,Mailed check
0816-TSPHQ,0.43186048728071164,Priority retention contact,Month-to-month,No,2,20.75,Mailed check
9820-RMCQV,0.43180168611063435,Priority retention contact,Month-to-month,DSL,11,48.55,Credit card (automatic)
4701-AHWMW,0.4298625973008376,Priority retention contact,Month-to-month,DSL,55,54.55,Bank transfer (automatic)
4753-PADAS,0.4288350437768603,Priority retention contact,One year,Fiber optic,67,105.7,Bank transfer (automatic)
0895-LMRSF,0.4275963984260354,Priority retention contact,One year,DSL,23,64.9,Bank transfer (automatic)
0178-CIIKR,0.4271330250403488,Priority retention contact,Month-to-month,No,3,19.95,Mailed check
3780-YVMFA,0.42680288816958967,Priority retention contact,Month-to-month,DSL,8,68.55,Electronic check
5951-AOFIH,0.42666137758712913,Priority retention contact,Month-to-month,DSL,33,66.4,Credit card (automatic)
8985-OOPOS,0.42663790352221154,Priority retention contact,One year,DSL,1,74.1,Credit card (automatic)
4412-YLTKF,0.42662816217988897,Priority retention contact,Month-to-month,Fiber optic,27,78.05,Electronic check
2700-LUEVA,0.42560487875290887,Priority retention contact,Month-to-month,No,1,20.75,Credit card (automatic)
2839-RFSQE,0.4248393880567558,Priority retention contact,Month-to-month,No,2,20.65,Mailed check
8970-ANWXO,0.4237497750880991,Priority retention contact,One year,DSL,23,73.75,Mailed check
3847-BAERP,0.42260957249952946,Priority retention contact,Month-to-month,No,10,20.9,Mailed check
4701-MLJPN,0.4204343266680493,Priority retention contact,Month-to-month,DSL,31,55.25,Electronic check
3090-QFUVD,0.4196739643651636,Priority retention contact,Month-to-month,No,1,20.3,Credit card (automatic)
5140-FOMCQ,0.41954644755559206,Priority retention contact,One year,Fiber optic,59,109.15,Credit card (automatic)
9389-ACWBI,0.418924201810999,Priority retention contact,Month-to-month,Fiber optic,5,69.95,Credit card (automatic)
2155-AMQRX,0.4179121996789382,Priority retention contact,Month-to-month,DSL,28,54.9,Credit card (automatic)
2758-RNWXS,0.417906237383965,Priority retention contact,One year,Fiber optic,35,89.2,Electronic check
5651-YLPRD,0.41697889508144115,Priority retention contact,Month-to-month,Fiber optic,32,86.1,Electronic check
6776-TLWOI,0.416327552878093,Priority retention contact,Month-to-month,No,3,19.85,Mailed check
1784-BXEFA,0.4148077407727329,Priority retention contact,Month-to-month,No,10,20.55,Mailed check
6733-LRIZX,0.4116679160484574,Priority retention contact,Two year,Fiber optic,35,108.95,Electronic check
1855-CFULU,0.41160664793649543,Priority retention contact,Month-to-month,No,4,20.05,Mailed check
8671-KKKOS,0.4093518943205528,Priority retention contact,Month-to-month,DSL,46,45.55,Electronic check
8495-PRWFH,0.40916784042710735,Priority retention contact,Month-to-month,DSL,42,55.65,Electronic check
6383-ZTSIW,0.40894910524446604,Priority retention contact,One year,Fiber optic,39,99.1,Mailed check
1385-TQOZW,0.40812995139218333,Priority retention contact,Month-to-month,No,9,20.45,Credit card (automatic)
0870-VEMYL,0.40782036327703947,Priority retention contact,Month-to-month,DSL,5,53.85,Credit card (automatic)
6777-TGHTM,0.4071098719550691,Priority retention contact,One year,Fiber optic,53,106.95,Credit card (automatic)
9972-VAFJJ,0.4068875449140935,Priority retention contact,One year,Fiber optic,53,94.0,Electronic check
4846-WHAFZ,0.40560435999318145,Priority retention contact,Month-to-month,Fiber optic,37,76.5,Electronic check
3524-WQDSG,0.40462476330195474,Priority retention contact,Month-to-month,Fiber optic,43,99.3,Bank transfer (automatic)
9986-BONCE,0.40339423641969424,Priority retention contact,Month-to-month,No,4,20.95,Bank transfer (automatic)
1452-KIOVK,0.4030740737164153,Priority retention contact,Month-to-month,Fiber optic,22,89.1,Credit card (automatic)
6112-KTHFQ,0.4007967671792172,Priority retention contact,Month-to-month,No,13,19.3,Mailed check
4075-JFPGR,0.3997138637834854,Priority retention contact,One year,Fiber optic,51,93.5,Electronic check
3675-EQOZA,0.39881258766059974,Priority retention contact,Month-to-month,No,5,20.65,Bank transfer (automatic)
3237-AJGEH,0.3977296838478436,Priority retention contact,Month-to-month,DSL,3,31.0,Mailed check
4332-MUOEZ,0.3944942666578029,Priority retention contact,One year,Fiber optic,20,94.3,Credit card (automatic)
0447-BEMNG,0.3944037051126074,Priority retention contact,Month-to-month,DSL,48,45.3,Bank transfer (automatic)
1629-DQQVB,0.39324151419163234,Priority retention contact,Month-to-month,DSL,14,50.1,Bank transfer (automatic)
3413-CSSTH,0.3915628977844345,Priority retention contact,Month-to-month,DSL,41,55.7,Bank transfer (automatic)
8059-UDZFY,0.3913235061159936,Priority retention contact,Month-to-month,Fiber optic,33,105.35,Bank transfer (automatic)
1218-VKFPE,0.3904099958850062,Priority retention contact,Month-to-month,No,12,19.0,Mailed check
6080-TCMYC,0.390222475190194,Priority retention contact,Month-to-month,Fiber optic,40,81.2,Electronic check
5850-BDWCY,0.3899280416908129,Priority retention contact,Month-to-month,No,6,20.2,Mailed check
2911-WDXMV,0.3888871247466624,Priority retention contact,Month-to-month,Fiber optic,18,80.55,Credit card (automatic)
3787-TRIAL,0.38541467218065684,Priority retention contact,Month-to-month,DSL,21,26.05,Electronic check
2750-BJLSB,0.3846637979047593,Priority retention contact,One year,Fiber optic,47,103.7,Electronic check
2159-TURXX,0.38429290162741203,Priority retention contact,Month-to-month,No,5,20.05,Credit card (automatic)
5709-LVOEQ,0.3795290002202128,Priority retention contact,Two year,DSL,0,80.85,Mailed check
4079-VTGLK,0.3792348294381609,Priority retention contact,Two year,DSL,30,74.85,Electronic check
7356-AYNJP,0.3782876553251002,Priority retention contact,One year,No,4,23.9,Electronic check
2252-JHJGE,0.3779937711072956,Priority retention contact,One year,Fiber optic,61,104.0,Electronic check
4660-IRIBM,0.3778670581926502,Priority retention contact,Month-to-month,Fiber optic,18,87.9,Mailed check
9565-JSNFM,0.3775809652528299,Priority retention contact,One year,Fiber optic,38,70.45,Bank transfer (automatic)
9842-EFSYY,0.37646231993993395,Priority retention contact,Month-to-month,DSL,4,57.2,Mailed check
2720-FVBQP,0.3759025754390381,Priority retention contact,Month-to-month,DSL,6,48.95,Credit card (automatic)
9040-KZVWO,0.3757106566069875,Priority retention contact,One year,Fiber optic,26,75.5,Bank transfer (automatic)
1852-XEMDW,0.37426226934716966,Priority retention contact,Month-to-month,DSL,22,65.05,Mailed check
9633-DENPU,0.37251545784638324,Priority retention contact,Month-to-month,DSL,47,58.6,Bank transfer (automatic)
0440-QEXBZ,0.372361492237959,Priority retention contact,Month-to-month,DSL,44,50.15,Mailed check
0665-XHDJU,0.3722140050805664,Priority retention contact,Two year,Fiber optic,72,99.4,Electronic check
1346-PJWTK,0.3705427434785535,Priority retention contact,Month-to-month,Fiber optic,61,94.15,Credit card (automatic)
3865-ZYKAD,0.3699907688808606,Priority retention contact,Month-to-month,Fiber optic,69,84.9,Credit card (automatic)
5351-QESIO,0.36959059503891944,Priority retention contact,Month-to-month,DSL,1,24.2,Mailed check
7789-CRUVC,0.3692378509943392,Priority retention contact,Month-to-month,Fiber optic,61,94.2,Credit card (automatic)
9364-YKUVW,0.36856669507822204,Priority retention contact,Month-to-month,No,15,19.8,Mailed check
1360-XFJMR,0.36829006420562893,Priority retention contact,One year,Fiber optic,67,109.7,Credit card (automatic)
8849-GYOKR,0.36730722125355086,Priority retention contact,One year,Fiber optic,54,106.55,Bank transfer (automatic)
3891-PUQOD,0.365317015167207,Priority retention contact,Month-to-month,DSL,1,59.2,Electronic check
9357-UJRUN,0.3628510802862491,Priority retention contact,One year,DSL,24,58.35,Electronic check
5921-NGYRH,0.3624909699149067,Priority retention contact,Month-to-month,Fiber optic,64,73.55,Mailed check
4402-FTBXC,0.3602402719664374,Priority retention contact,Month-to-month,Fiber optic,54,89.8,Mailed check
4323-SADQS,0.3591893023373085,Priority retention contact,Month-to-month,DSL,7,34.5,Electronic check
6198-PNNSZ,0.35795598335161094,Priority retention contact,One year,Fiber optic,56,109.8,Bank transfer (automatic)
9909-DFRJA,0.35764105836076254,Priority retention contact,One year,Fiber optic,26,95.85,Bank transfer (automatic)
0484-FFVBJ,0.3566978381035639,Priority retention contact,One year,DSL,32,64.85,Bank transfer (automatic)
5863-OOKCL,0.3564172838371966,Priority retention contact,Month-to-month,No,10,18.85,Mailed check
2480-SQIOB,0.353350633630675,Priority retention contact,Month-to-month,DSL,4,44.8,Electronic check
7134-MJPDY,0.35152991212705054,Priority retention contact,One year,Fiber optic,66,102.85,Credit card (automatic)
5934-TSSAU,0.3504038931164812,Priority retention contact,Month-to-month,Fiber optic,23,75.3,Credit card (automatic)
1707-HABPF,0.3501815932829128,Priority retention contact,One year,Fiber optic,46,91.3,Bank transfer (automatic)
0373-AIVNJ,0.3501489937355352,Priority retention contact,One year,DSL,9,39.55,Mailed check
9115-YQHGA,0.34957522219114284,Priority retention contact,Month-to-month,DSL,40,51.1,Electronic check
9107-UKCKY,0.34749073354805277,Priority retention contact,One year,DSL,61,79.8,Electronic check
6583-SZVGP,0.346986341641428,Priority retention contact,Two year,Fiber optic,48,108.1,Bank transfer (automatic)
2019-HDCZY,0.3468800213999174,Priority retention contact,Two year,Fiber optic,63,102.6,Electronic check
9420-LOJKX,0.3467437187788441,Priority retention contact,Month-to-month,Fiber optic,15,99.1,Credit card (automatic)
0265-PSUAE,0.3467189392069112,Priority retention contact,Month-to-month,Fiber optic,16,100.7,Bank transfer (automatic)
2040-OBMLJ,0.3465294734972065,Priority retention contact,One year,Fiber optic,31,81.7,Credit card (automatic)
5966-EMAZU,0.3462079224983403,Priority retention contact,One year,Fiber optic,64,108.5,Mailed check
2428-ZMCTB,0.3415784745268397,Priority retention contact,Month-to-month,No,10,19.75,Credit card (automatic)
2967-MXRAV,0.3354254607530104,Priority retention contact,One year,No,1,18.8,Mailed check
4002-BQWPQ,0.332794754264685,Priority retention contact,Month-to-month,DSL,25,81.75,Bank transfer (automatic)
3173-NVMPX,0.3316214915813728,Priority retention contact,Month-to-month,DSL,9,55.3,Mailed check
5533-RJFTJ,0.33030349023361266,Priority retention contact,Month-to-month,DSL,49,30.2,Bank transfer (automatic)
5027-YOCXN,0.3295091331006091,Priority retention contact,One year,Fiber optic,51,110.05,Credit card (automatic)
9367-TCUYN,0.32901385239005587,Priority retention contact,Month-to-month,No,12,20.1,Mailed check
9256-JTBNZ,0.3280571759966754,Priority retention contact,Month-to-month,No,11,20.3,Bank transfer (automatic)
7531-GQHME,0.3261726894430079,Priority retention contact,Month-to-month,No,12,20.05,Credit card (automatic)
6838-HVLXG,0.32498661104034887,Priority retention contact,Month-to-month,No,12,20.3,Mailed check
8457-XIGKN,0.3208209989461459,Priority retention contact,Month-to-month,No,20,19.6,Credit card (automatic)
9089-UOWJG,0.3195563234497196,Priority retention contact,Month-to-month,DSL,12,58.35,Credit card (automatic)
7669-LCRSD,0.3195534585403762,Priority retention contact,Month-to-month,DSL,12,56.3,Mailed check
2748-MYRVK,0.31861974073450844,Priority retention contact,One year,Fiber optic,63,99.9,Bank transfer (automatic)
1530-ZTDOZ,0.31788158907931835,Priority retention contact,Month-to-month,DSL,49,40.65,Bank transfer (automatic)
7159-NOKYQ,0.3177731911625162,Priority retention contact,Two year,Fiber optic,67,93.15,Electronic check
5240-CAOYT,0.31745483955900394,Priority retention contact,Month-to-month,Fiber optic,57,87.55,Bank transfer (automatic)
9700-ISPUP,0.31730994000197954,Priority retention contact,Month-to-month,DSL,10,65.5,Electronic check
5440-VHLUL,0.3166709713418754,Priority retention contact,One year,Fiber optic,69,105.2,Bank transfer (automatic)
7879-CGSFV,0.3162269141736843,Priority retention contact,One year,Fiber optic,55,100.9,Mailed check
9039-RBEEE,0.3153498027468985,Priority retention contact,Month-to-month,DSL,39,48.95,Credit card (automatic)
2972-YDYUW,0.31447517209771114,Priority retention contact,One year,Fiber optic,57,94.7,Electronic check
6297-NOOPG,0.31229410604871854,Priority retention contact,Two year,Fiber optic,70,110.5,Electronic check
3623-FQBOX,0.3120158710110045,Priority retention contact,Month-to-month,No,21,19.95,Mailed check
5025-GOOKI,0.31046972641066384,Priority retention contact,Month-to-month,No,20,18.9,Credit card (automatic)
1744-JHKYS,0.3100473715284816,Priority retention contact,Month-to-month,No,34,24.7,Electronic check
2001-MCUUW,0.30963817944238725,Priority retention contact,Two year,Fiber optic,46,108.65,Electronic check
4464-JCOLN,0.3095394299668648,Priority retention contact,One year,No,2,19.85,Mailed check
0536-ACXIP,0.3077393577471141,Priority retention contact,Two year,Fiber optic,72,109.55,Electronic check
6568-POCUI,0.30759293555322975,Priority retention contact,Two year,Fiber optic,45,95.2,Credit card (automatic)
9378-FXTIZ,0.30706509799875076,Priority retention contact,One year,DSL,54,70.15,Credit card (automatic)
1730-VFMWO,0.3068510690201999,Priority retention contact,Month-to-month,DSL,34,50.2,Bank transfer (automatic)
5081-NWSUP,0.30597532688288,Priority retention contact,One year,DSL,10,64.9,Mailed check
4785-QRJHC,0.3038845321518399,Priority retention contact,One year,DSL,46,59.9,Bank transfer (automatic)
5537-UXXVS,0.3034626791806776,Priority retention contact,Month-to-month,No,20,19.25,Bank transfer (automatic)
2001-EWBQU,0.30339280482045866,Priority retention contact,Two year,Fiber optic,60,104.7,Electronic check
2958-NHPPS,0.3018795098055947,Priority retention contact,Month-to-month,No,23,20.85,Electronic check
9661-MHUMO,0.3017211528644506,Priority retention contact,Month-to-month,DSL,1,49.25,Credit card (automatic)
5207-PLSTK,0.3016422650232773,Priority retention contact,Month-to-month,DSL,1,48.75,Mailed check
7311-MQJCH,0.29535663336157647,Priority retention contact,One year,No,5,19.55,Electronic check
7492-TAFJD,0.29440454808624694,Priority retention contact,Two year,DSL,7,38.55,Mailed check
1174-FGIFN,0.2926475670734885,Priority retention contact,One year,Fiber optic,28,90.45,Electronic check
5161-XEUVX,0.29231509608404616,Priority retention contact,Two year,Fiber optic,37,94.3,Mailed check
0297-RBCSG,0.2906011811547077,Priority retention contact,One year,DSL,19,65.35,Bank transfer (automatic)
6968-MHOMU,0.28873380030413753,Priority retention contact,One year,DSL,58,45.0,Credit card (automatic)
3680-CTHUH,0.28788067012571233,Priority retention contact,One year,Fiber optic,60,116.6,Credit card (automatic)
2533-QVMSK,0.2868096830926675,Priority retention contact,Two year,Fiber optic,61,94.1,Electronic check
5360-LJCNJ,0.2848308490220707,Priority retention contact,Two year,Fiber optic,71,105.15,Bank transfer (automatic)
2165-VOEGB,0.28380912027677563,Priority retention contact,One year,Fiber optic,46,105.2,Bank transfer (automatic)
0327-WFZSY,0.2833101111702646,Priority retention contact,One year,Fiber optic,39,100.0,Electronic check
3466-WAESX,0.28293367065720565,Priority retention contact,Month-to-month,DSL,16,69.1,Electronic check
7250-EQKIY,0.28107370320635205,Priority retention contact,Month-to-month,DSL,1,50.45,Mailed check
4759-PXTAN,0.2794912686538009,Priority retention contact,One year,DSL,59,80.1,Electronic check
0628-CNQRM,0.27884934638578623,Priority retention contact,One year,DSL,22,67.5,Bank transfer (automatic)
2272-WUSPA,0.2785539288164534,Priority retention contact,Two year,Fiber optic,72,110.75,Electronic check
9330-VOFSZ,0.278468896414811,Priority retention contact,Two year,Fiber optic,60,110.8,Credit card (automatic)
6900-RBKER,0.27816339486682906,Priority retention contact,Two year,Fiber optic,52,89.45,Credit card (automatic)
1956-YIFGE,0.2781617549788886,Priority retention contact,One year,Fiber optic,22,100.05,Mailed check
9480-BQJEI,0.2745198541786196,Priority retention contact,One year,Fiber optic,62,92.3,Bank transfer (automatic)
1264-FUHCX,0.2743499638828493,Priority retention contact,One year,DSL,49,56.3,Credit card (automatic)
0289-IVARM,0.27302220494890245,Priority retention contact,Month-to-month,DSL,35,60.55,Electronic check
8450-JOVAH,0.27212520348481617,Priority retention contact,Month-to-month,DSL,2,56.7,Mailed check
6968-URWQU,0.27162004878719365,Priority retention contact,One year,DSL,43,56.35,Mailed check
0516-UXRMT,0.2707196427558958,Priority retention contact,One year,Fiber optic,62,92.05,Electronic check
0013-MHZWF,0.2687844020097375,Monitor,Month-to-month,DSL,9,69.4,Credit card (automatic)
3733-UOCWF,0.26868785406657214,Monitor,One year,Fiber optic,61,85.55,Bank transfer (automatic)
5701-GUXDC,0.26770971539258764,Monitor,One year,DSL,26,35.4,Credit card (automatic)
9931-KGHOA,0.26721308483771783,Monitor,Month-to-month,DSL,46,55.0,Bank transfer (automatic)
6784-XYJAE,0.26534601874702934,Monitor,One year,DSL,36,55.8,Electronic check
5271-YNWVR,0.26525336073359884,Monitor,Two year,Fiber optic,68,113.15,Electronic check
9972-NKTFD,0.26500804117414967,Monitor,Month-to-month,DSL,28,54.65,Bank transfer (automatic)
3750-YHRYO,0.2640789706459014,Monitor,One year,No,7,20.65,Mailed check
2070-FNEXE,0.26312716360760235,Monitor,Month-to-month,Fiber optic,7,76.45,Bank transfer (automatic)
3896-RCYYE,0.2626478820629091,Monitor,Month-to-month,DSL,67,53.4,Credit card (automatic)
0486-HECZI,0.26198885011647943,Monitor,Month-to-month,Fiber optic,55,96.75,Electronic check
5804-HYIEZ,0.2612522033845666,Monitor,Month-to-month,Fiber optic,70,106.05,Electronic check
5524-KHNJP,0.26119877198026137,Monitor,One year,DSL,33,74.75,Credit card (automatic)
2926-JEJJC,0.2602357429817955,Monitor,One year,No,8,20.2,Bank transfer (automatic)
3567-PQTSO,0.25974989577510205,Monitor,One year,Fiber optic,53,105.25,Electronic check
8780-RSYYU,0.25959546603749506,Monitor,Month-to-month,No,25,19.2,Credit card (automatic)
0440-UEDAI,0.25823493981839585,Monitor,One year,Fiber optic,53,94.45,Credit card (automatic)
9052-DHNKM,0.2575239104176877,Monitor,One year,DSL,26,61.55,Electronic check
9586-JGQKH,0.2573913155819665,Monitor,Two year,Fiber optic,64,105.4,Bank transfer (automatic)
1136-XGEQU,0.2565529051281421,Monitor,One year,DSL,50,84.15,Credit card (automatic)
7654-YWJUF,0.2554001993277324,Monitor,One year,Fiber optic,43,84.25,Bank transfer (automatic)
9128-CPXKI,0.2553439246002032,Monitor,Two year,Fiber optic,59,95.8,Electronic check
7997-EASSD,0.2552801765064319,Monitor,One year,Fiber optic,63,81.2,Credit card (automatic)
0106-UGRDO,0.2528511922279594,Monitor,Two year,Fiber optic,69,116.0,Electronic check
3893-JRNFS,0.25222531421169403,Monitor,Month-to-month,DSL,68,39.9,Bank transfer (automatic)
6933-FHBZC,0.2517932992849098,Monitor,One year,DSL,26,56.05,Mailed check
6366-XIVKZ,0.2514113120214181,Monitor,Month-to-month,DSL,13,63.15,Mailed check
6766-HFKLA,0.2508243518619152,Monitor,Two year,Fiber optic,56,103.2,Bank transfer (automatic)
7677-SJJJK,0.2498387969944483,Monitor,One year,No,8,19.9,Credit card (automatic)
8582-KRHPJ,0.24810576951536495,Monitor,Month-to-month,DSL,50,35.0,Mailed check
8034-RYTVV,0.24729793956419532,Monitor,One year,Fiber optic,55,84.25,Credit card (automatic)
6598-RFFVI,0.24622388725195002,Monitor,One year,No,2,19.3,Credit card (automatic)
6473-ULUHT,0.24613971358164005,Monitor,Month-to-month,DSL,16,84.9,Electronic check
9481-SFCQY,0.24586213488582687,Monitor,Month-to-month,DSL,14,59.8,Credit card (automatic)
5103-MHMHY,0.24578330429448073,Monitor,Month-to-month,DSL,1,45.95,Mailed check
2930-UOTMB,0.245683704128263,Monitor,Month-to-month,DSL,31,65.25,Credit card (automatic)
7233-IOQNP,0.2448049116309381,Monitor,Month-to-month,DSL,43,34.0,Bank transfer (automatic)
2307-FYNNL,0.24340744248660873,Monitor,Two year,Fiber optic,65,109.05,Electronic check
3594-UVONA,0.2434066261558905,Monitor,One year,DSL,35,85.95,Credit card (automatic)
7623-TRNQN,0.2428610223959524,Monitor,Month-to-month,DSL,1,49.9,Mailed check
6559-RAKOZ,0.24255771531918338,Monitor,One year,Fiber optic,49,97.95,Electronic check
0074-HDKDG,0.24137162649128457,Monitor,One year,DSL,25,61.6,Bank transfer (automatic)
5949-EBSQK,0.24076575886678636,Monitor,Month-to-month,DSL,4,61.45,Credit card (automatic)
7666-WKRON,0.2402419069537519,Monitor,Two year,Fiber optic,39,80.45,Electronic check
8909-BOLNL,0.23969798943182605,Monitor,One year,No,3,21.2,Mailed check
7663-CUXZB,0.2396205564582538,Monitor,Two year,Fiber optic,59,113.75,Electronic check
3729-OWRVL,0.23949469484011787,Monitor,Two year,Fiber optic,65,110.35,Electronic check
4937-QPZPO,0.23882259681554083,Monitor,One year,Fiber optic,61,99.9,Electronic check
1952-DVVSW,0.23730897693108424,Monitor,One year,No,10,20.1,Mailed check
8646-JCOMS,0.2363496405735843,Monitor,One year,Fiber optic,66,90.55,Bank transfer (automatic)
5619-XZZKR,0.2359797924464981,Monitor,One year,No,4,19.95,Mailed check
0725-CXOTM,0.23529548221261534,Monitor,One year,DSL,36,89.65,Credit card (automatic)
2391-SOORI,0.23498344881407643,Monitor,Month-to-month,DSL,4,49.35,Electronic check
5445-PZWGX,0.23324313592588042,Monitor,One year,Fiber optic,62,102.0,Electronic check
7691-XVTZH,0.23223221082428772,Monitor,Two year,Fiber optic,68,89.95,Bank transfer (automatic)
3679-XASPY,0.23210727625528954,Monitor,Month-to-month,No,1,19.45,Electronic check
4223-BKEOR,0.2308732261861665,Monitor,One year,DSL,21,64.85,Mailed check
2907-ILJBN,0.23077983559725337,Monitor,One year,No,11,20.6,Mailed check
9917-KWRBE,0.23007906517204496,Monitor,One year,DSL,41,78.35,Credit card (automatic)
5236-PERKL,0.229552323205373,Monitor,Two year,Fiber optic,57,112.95,Bank transfer (automatic)
1444-VVSGW,0.2277042919333813,Monitor,One year,Fiber optic,70,115.65,Credit card (automatic)
8819-ZBYNA,0.22721052276015793,Monitor,Two year,Fiber optic,58,109.1,Credit card (automatic)
0983-TATYJ,0.2271279911239932,Monitor,One year,DSL,33,51.45,Mailed check
3780-DDGSE,0.22678617967548675,Monitor,Month-to-month,DSL,35,76.05,Electronic check
1545-JFUML,0.2266963163172177,Monitor,Two year,Fiber optic,71,99.0,Electronic check
6797-LNAQX,0.22566411812978038,Monitor,Two year,Fiber optic,70,98.3,Bank transfer (automatic)
9544-PYPSJ,0.22475132210756213,Monitor,Month-to-month,Fiber optic,62,96.1,Credit card (automatic)
6483-OATDN,0.22393065336121054,Monitor,Month-to-month,DSL,8,51.3,Credit card (automatic)
2834-JKOOW,0.22304318555926841,Monitor,One year,DSL,15,45.9,Mailed check
7854-EKTJL,0.22141762545483637,Monitor,Month-to-month,No,2,19.6,Electronic check
0913-XWSCN,0.22136032880419,Monitor,Month-to-month,Fiber optic,55,85.5,Bank transfer (automatic)
3115-CZMZD,0.22120252942460875,Monitor,Two year,No,0,20.25,Mailed check
9374-YOLBJ,0.2205281236648707,Monitor,Month-to-month,No,1,19.25,Electronic check
1074-AMIOH,0.21943729736194434,Monitor,Month-to-month,Fiber optic,53,108.25,Bank transfer (automatic)
1809-DMJHQ,0.21870759353586025,Monitor,Month-to-month,DSL,5,46.0,Mailed check
9629-NHXFW,0.21678195182759497,Monitor,Month-to-month,No,1,19.4,Mailed check
8930-XOTDP,0.21598216875470455,Monitor,Month-to-month,DSL,18,55.95,Mailed check
1470-PSXNM,0.2149912777285463,Monitor,One year,Fiber optic,49,93.65,Electronic check
4468-YDOVK,0.2141540844000464,Monitor,Month-to-month,DSL,5,48.65,Bank transfer (automatic)
9313-QOLTZ,0.21372015811793538,Monitor,Month-to-month,No,26,20.9,Mailed check
6773-LQTVT,0.21126272035443805,Monitor,Month-to-month,DSL,29,35.65,Mailed check
7036-TYDEC,0.21039129258835168,Monitor,Two year,Fiber optic,69,104.0,Electronic check
3354-OADJP,0.20993476631755822,Monitor,One year,DSL,8,54.25,Bank transfer (automatic)
9405-GPBBG,0.20894940884857774,Monitor,Two year,Fiber optic,64,110.5,Credit card (automatic)
4256-ZWTZI,0.20857771021746355,Monitor,Month-to-month,DSL,5,51.0,Mailed check
2091-MJTFX,0.20532828152812996,Monitor,Month-to-month,DSL,30,51.2,Credit card (automatic)
2323-ARSVR,0.20438928231996875,Monitor,Two year,Fiber optic,67,111.05,Electronic check
7426-WEIJX,0.20403380130961418,Monitor,Month-to-month,Fiber optic,60,80.95,Electronic check
7266-GSSJX,0.20358252361482762,Monitor,Month-to-month,No,11,20.45,Electronic check
5630-AHZIL,0.2021103918420978,Monitor,Month-to-month,DSL,3,64.5,Bank transfer (automatic)
2746-DIJLO,0.2008925832950206,Monitor,One year,DSL,41,56.3,Credit card (automatic)
9866-OCCKE,0.2005551591807189,Monitor,Two year,Fiber optic,72,109.75,Mailed check
5297-MDOIR,0.200441382470177,Monitor,One year,Fiber optic,63,81.15,Credit card (automatic)
5049-MUBWG,0.19969777718996487,Monitor,One year,DSL,26,75.0,Bank transfer (automatic)
2522-WLNSF,0.1990988427292353,Monitor,One year,DSL,34,64.2,Bank transfer (automatic)
4501-UYKBC,0.19904105688864382,Monitor,One year,DSL,46,69.1,Credit card (automatic)
3229-USWAR,0.1985971830196993,Monitor,One year,DSL,34,79.95,Bank transfer (automatic)
7649-PHJVR,0.1975823855309742,Monitor,One year,No,11,19.5,Mailed check
1150-WFARN,0.19756422641892316,Monitor,Two year,Fiber optic,67,108.75,Credit card (automatic)
8573-JGCZW,0.19693135980087847,Monitor,One year,No,17,19.65,Bank transfer (automatic)
9473-CBZOP,0.19676097865691036,Monitor,One year,DSL,28,59.0,Mailed check
0164-APGRB,0.19584042080985206,Monitor,Two year,Fiber optic,72,114.9,Electronic check
2245-ADZFJ,0.19561712777645335,Monitor,Two year,DSL,31,80.55,Bank transfer (automatic)
1097-FSPVW,0.19383436903884385,Monitor,Month-to-month,DSL,42,54.55,Credit card (automatic)
9330-DHBFL,0.1920811669968906,Monitor,One year,DSL,23,66.25,Mailed check
9351-HXDMR,0.1920811239693732,Monitor,Two year,Fiber optic,72,110.9,Credit card (automatic)
4377-VDHYI,0.19147340735884175,Monitor,One year,Fiber optic,32,90.8,Electronic check
7191-ADRGF,0.1912784429705502,Monitor,Two year,DSL,44,54.3,Bank transfer (automatic)
5753-QQWPW,0.19100533453121243,Monitor,One year,DSL,28,59.9,Electronic check
0516-OOHAR,0.19007296546011648,Monitor,One year,Fiber optic,28,100.35,Bank transfer (automatic)
7032-LMBHI,0.18794555011384323,Monitor,One year,DSL,37,64.65,Bank transfer (automatic)
9138-EFSMO,0.18601754975683493,Monitor,One year,Fiber optic,26,78.95,Bank transfer (automatic)
8089-UZWLX,0.1858795156319973,Monitor,Two year,Fiber optic,71,104.05,Bank transfer (automatic)
6497-TILVL,0.1846655337786247,Monitor,Month-to-month,DSL,7,50.7,Mailed check
6075-QMNRR,0.18461622336156827,Monitor,Month-to-month,DSL,52,49.75,Bank transfer (automatic)
9142-XMYJH,0.18418385038489954,Monitor,Month-to-month,No,29,19.35,Credit card (automatic)
2798-NYLMZ,0.18317856189548012,Monitor,Two year,Fiber optic,71,108.55,Credit card (automatic)
4376-KFVRS,0.18252197074537777,Monitor,Two year,Fiber optic,72,114.05,Credit card (automatic)
6919-ELBGL,0.1815174641952705,Monitor,Two year,Fiber optic,72,114.95,Bank transfer (automatic)
7838-LAZFO,0.18016771612467453,Monitor,One year,DSL,45,78.8,Bank transfer (automatic)
2788-CJQAQ,0.1782827729438118,Monitor,One year,No,13,19.45,Mailed check
9537-VHDTA,0.17766695677838173,Monitor,Month-to-month,DSL,1,51.2,Mailed check
2388-LAESQ,0.17740924118023846,Monitor,Two year,Fiber optic,72,114.85,Bank transfer (automatic)
9070-BCKQP,0.17727144089825722,Monitor,Two year,Fiber optic,72,110.15,Credit card (automatic)
4137-JOPHL,0.17644987974017756,Monitor,Two year,Fiber optic,50,89.7,Bank transfer (automatic)
2325-ZUSFD,0.1755797475475577,Monitor,One year,DSL,57,70.1,Bank transfer (automatic)
5468-BPMMO,0.17398352445070062,Monitor,Month-to-month,No,46,19.6,Electronic check
6421-SZVEM,0.17352584901313686,Monitor,One year,Fiber optic,28,82.85,Bank transfer (automatic)
9962-BFPDU,0.17329131930078895,Monitor,Month-to-month,No,1,20.05,Mailed check
2061-VVFST,0.17184005974662678,Monitor,Month-to-month,No,37,19.5,Bank transfer (automatic)
9412-ARGBX,0.17158617937115145,Monitor,Two year,Fiber optic,48,95.5,Mailed check
0048-LUMLS,0.17151760435400032,Monitor,One year,Fiber optic,37,91.2,Credit card (automatic)
9298-WGMRW,0.17123771700569126,Monitor,Two year,Fiber optic,72,115.5,Bank transfer (automatic)
5155-AZQPB,0.17095729353673647,Monitor,Month-to-month,DSL,28,49.9,Mailed check
9637-CDTKZ,0.17092540892188693,Monitor,Two year,Fiber optic,72,114.1,Credit card (automatic)
7919-ZODZZ,0.17070392070907095,Monitor,One year,DSL,10,65.9,Mailed check
5671-RQRLP,0.17050290546036892,Monitor,Two year,Fiber optic,70,75.65,Credit card (automatic)
5236-XMZJY,0.169818794170245,Monitor,Month-to-month,DSL,42,59.65,Bank transfer (automatic)
6734-FQAJX,0.16838596137250855,Monitor,Two year,Fiber optic,67,105.05,Electronic check
4500-HKANN,0.16623117845766036,Monitor,Two year,DSL,23,59.7,Mailed check
1936-CZAKF,0.16611264657626434,Monitor,Two year,DSL,49,49.65,Credit card (automatic)
8763-KIAFH,0.16503229503250624,Monitor,One year,No,27,20.55,Mailed check
8727-XDPUD,0.16489497327780142,Monitor,Two year,DSL,37,35.8,Credit card (automatic)
3948-FVVRP,0.16434087583189208,Monitor,Month-to-month,DSL,9,54.8,Mailed check
2511-MORQY,0.16290478805393427,Monitor,One year,DSL,50,54.9,Bank transfer (automatic)
4709-LKHYG,0.1615606587780339,Monitor,One year,No,29,20.0,Electronic check
8777-PVYGU,0.15972450070474364,Monitor,One year,DSL,52,64.3,Mailed check
0134-XWXCE,0.15856335005692873,Monitor,One year,DSL,44,74.85,Bank transfer (automatic)
0307-BCOPK,0.1583490637282017,Monitor,One year,No,16,19.05,Mailed check
2923-ARZLG,0.15767827175799953,Monitor,One year,No,0,19.7,Mailed check
3639-XJHKQ,0.15685230927698005,Monitor,Month-to-month,DSL,19,60.6,Electronic check
4946-EDSEW,0.15655036480985707,Monitor,Month-to-month,No,11,19.25,Mailed check
6461-PPAXN,0.15602308908597562,Monitor,One year,DSL,35,54.95,Bank transfer (automatic)
9720-JJJOR,0.15557876834852372,Monitor,One year,DSL,41,60.3,Bank transfer (automatic)
4700-UBQMV,0.15545475433719974,Monitor,One year,DSL,21,75.9,Bank transfer (automatic)
4184-VODJZ,0.15537854676949267,Monitor,One year,Fiber optic,63,91.35,Electronic check
8570-KLJYJ,0.15486330866397946,Monitor,One year,DSL,36,54.45,Mailed check
0868-VJRDR,0.15365728518059144,Monitor,Two year,Fiber optic,64,104.05,Credit card (automatic)
0866-QLSIR,0.1519109638093259,Monitor,One year,DSL,34,64.4,Mailed check
9220-ZNKJI,0.15111315329750447,Monitor,Two year,Fiber optic,55,88.8,Credit card (automatic)
5505-OVWQW,0.15097910688477262,Monitor,One year,No,17,20.15,Mailed check
0254-KCJGT,0.1502051618685323,Monitor,One year,DSL,52,81.4,Credit card (automatic)
9860-LISIZ,0.15008456321277938,Monitor,Month-to-month,No,34,20.35,Mailed check
7690-KPNCU,0.14993018932256538,Monitor,One year,DSL,64,73.05,Credit card (automatic)
7338-ERIVA,0.14818603712872844,Monitor,One year,DSL,39,45.05,Bank transfer (automatic)
9289-LBQVU,0.1470675332118731,Monitor,One year,DSL,64,70.15,Mailed check
4304-TSPVK,0.145667468318305,Monitor,Two year,Fiber optic,68,114.9,Bank transfer (automatic)
2368-GAKKQ,0.14558605298259736,Monitor,Two year,Fiber optic,70,113.65,Bank transfer (automatic)
4359-INNWN,0.14543487760576818,Monitor,One year,No,17,20.05,Credit card (automatic)
9844-FELAJ,0.14364180841656687,Monitor,One year,Fiber optic,70,107.9,Electronic check
6164-HXUGH,0.14246060200305566,Monitor,Month-to-month,No,6,19.85,Mailed check
0727-BNRLG,0.1424499023742358,Monitor,Two year,Fiber optic,69,97.65,Credit card (automatic)
1131-ALZWV,0.14239464670690252,Monitor,One year,No,24,24.6,Bank transfer (automatic)
1133-KXCGE,0.14218492832932916,Monitor,One year,No,18,20.1,Mailed check
3077-RSNTJ,0.14081228810635107,Monitor,Month-to-month,No,6,19.7,Mailed check
7279-NMVJC,0.1401934783676069,Monitor,One year,No,17,19.9,Bank transfer (automatic)
7359-WWYJV,0.13983639802061143,Monitor,Two year,Fiber optic,72,114.45,Credit card (automatic)
7369-TRPFD,0.1391034324299228,Monitor,One year,No,19,18.8,Mailed check
5473-KHBPS,0.13772049676412426,Monitor,One year,Fiber optic,52,95.7,Credit card (automatic)
2320-TZRRH,0.1359588560362217,Monitor,One year,No,20,19.5,Mailed check
4489-SNOJF,0.1358091467690819,Monitor,Month-to-month,DSL,35,72.25,Electronic check
2969-WGHQO,0.1349695192809397,Monitor,One year,DSL,7,69.45,Electronic check
7375-WMVMT,0.13445099596179727,Monitor,Two year,Fiber optic,71,95.5,Credit card (automatic)
9534-NSXEM,0.13355304226849085,Monitor,One year,No,26,20.65,Credit card (automatic)
4717-GHADL,0.13338912341586878,Monitor,Two year,DSL,50,79.6,Mailed check
3181-MIZBN,0.13261421323979272,Monitor,Month-to-month,No,16,19.75,Electronic check
8809-XKHMD,0.1325259838081548,Monitor,Two year,Fiber optic,72,100.55,Bank transfer (automatic)
5170-PTRKA,0.13207762093180406,Monitor,One year,DSL,49,35.8,Credit card (automatic)
5014-WUQMG,0.13173708067432896,Monitor,One year,Fiber optic,47,96.1,Electronic check
9209-NWPGU,0.13033339960747728,Monitor,One year,DSL,44,65.4,Electronic check
6726-NNFWD,0.12988255528832213,Monitor,Two year,Fiber optic,71,89.45,Credit card (automatic)
7764-BDPEE,0.12844880818281648,Monitor,Month-to-month,No,3,20.85,Mailed check
2294-DMMUS,0.12826344070019707,Monitor,Month-to-month,DSL,62,70.45,Credit card (automatic)
0257-KXZGU,0.1278209429979547,Monitor,Month-to-month,DSL,32,62.45,Bank transfer (automatic)
8401-EMUWF,0.12743894245006465,Monitor,Month-to-month,DSL,42,69.4,Bank transfer (automatic)
4353-HYOJD,0.12637981513016353,Monitor,Month-to-month,DSL,27,49.85,Mailed check
5566-SOEZD,0.12543075586112234,Monitor,One year,Fiber optic,27,80.65,Credit card (automatic)
3011-WQKSZ,0.1252254002555633,Monitor,Month-to-month,No,19,20.0,Electronic check
4973-RLZVI,0.12493381920411921,Monitor,One year,DSL,30,74.65,Credit card (automatic)
0019-EFAEP,0.12412467063291724,Monitor,Two year,Fiber optic,72,101.3,Bank transfer (automatic)
5245-VDBUR,0.12397399904587993,Monitor,One year,DSL,52,35.45,Mailed check
5318-YKDPV,0.12312874457000987,Monitor,Two year,DSL,43,79.15,Credit card (automatic)
8433-WPJTV,0.122656361414944,Monitor,One year,Fiber optic,65,103.9,Bank transfer (automatic)
2233-TXSIU,0.12254318882358702,Monitor,One year,DSL,17,44.45,Credit card (automatic)
9030-QGZNL,0.12218391635987352,Monitor,Two year,No,8,20.85,Mailed check
3125-RAHBV,0.11878480676500457,Monitor,One year,No,22,20.3,Credit card (automatic)
9926-PJHDQ,0.11859080884896782,Monitor,Two year,DSL,72,76.8,Bank transfer (automatic)
2188-SXWVT,0.11766632617885317,Monitor,One year,DSL,34,55.0,Mailed check
9746-UGFAC,0.11659823514079838,Monitor,One year,No,22,20.85,Bank transfer (automatic)
6194-HBGQN,0.1161783424087078,Monitor,One year,DSL,51,81.15,Credit card (automatic)
4627-MIHJH,0.11527360430312383,Monitor,Two year,Fiber optic,69,110.25,Credit card (automatic)
7061-OVMIM,0.11516999360414583,Monitor,One year,No,30,19.55,Bank transfer (automatic)
6698-OXETB,0.11453081728225596,Monitor,Two year,No,11,20.4,Mailed check
0513-RBGPE,0.11124780392430156,Monitor,Two year,DSL,37,62.8,Credit card (automatic)
0377-JBKKT,0.1111665202131965,Monitor,Month-to-month,DSL,22,57.95,Mailed check
3985-HOYPM,0.11030334866473178,Monitor,One year,No,26,19.4,Mailed check
1271-UODNO,0.11011020674998047,Monitor,Two year,DSL,39,53.85,Credit card (automatic)
1492-QGCLU,0.10984583063394815,Monitor,Month-to-month,DSL,53,85.7,Electronic check
9143-CANJF,0.10871051419734544,Monitor,Month-to-month,DSL,24,55.15,Electronic check
2676-SSLTO,0.1080602573714145,Monitor,Two year,DSL,49,66.15,Bank transfer (automatic)
9906-NHHVC,0.10761803029243736,Monitor,Two year,DSL,65,53.5,Bank transfer (automatic)
4830-FAXFM,0.10691349784270117,Monitor,Month-to-month,No,19,24.1,Credit card (automatic)
1936-UAFEH,0.10659635022557175,Monitor,Two year,Fiber optic,68,110.25,Credit card (automatic)
5469-NUJUR,0.10650700170349718,Monitor,Two year,No,19,19.95,Mailed check
0997-YTLNY,0.10614785004480158,Monitor,Month-to-month,DSL,19,48.8,Mailed check
0121-SNYRK,0.10600710042397696,Monitor,One year,DSL,50,35.4,Mailed check
1525-LNLOJ,0.10476932094470608,Monitor,Two year,DSL,66,63.3,Bank transfer (automatic)
7803-XOCCZ,0.10237959104203986,Monitor,Month-to-month,Fiber optic,52,84.05,Bank transfer (automatic)
5495-GPSRW,0.10200914040910315,Monitor,Two year,No,20,19.7,Mailed check
8024-XNAFQ,0.10186593970846466,Monitor,Two year,Fiber optic,72,107.4,Bank transfer (automatic)
5820-PTRYM,0.10157208148725758,Monitor,One year,DSL,56,68.45,Credit card (automatic)
5063-IUOKK,0.10069612394135208,Monitor,Two year,No,13,19.75,Mailed check
1090-ESELR,0.10065612319339463,Monitor,Two year,Fiber optic,72,105.5,Bank transfer (automatic)
6823-SIDFQ,0.10031745250736808,Monitor,One year,No,28,18.25,Credit card (automatic)
2150-OEGBV,0.09988438645201086,Monitor,One year,No,27,20.1,Bank transfer (automatic)
8873-TMKGR,0.09957938327942725,Monitor,One year,No,29,19.1,Mailed check
8735-NBLWT,0.09937518178812998,Monitor,Month-to-month,No,9,20.4,Mailed check
3926-YZVVX,0.09843139288718346,Monitor,One year,DSL,41,50.05,Bank transfer (automatic)
1395-OFUWC,0.09800027885846803,Monitor,Month-to-month,DSL,43,29.3,Credit card (automatic)
0743-HRVFF,0.09769498653856935,Monitor,One year,DSL,51,56.15,Electronic check
5574-NXZIU,0.09742231395782835,Monitor,Two year,Fiber optic,63,109.2,Credit card (automatic)
7322-OCWHC,0.09570915161740773,Monitor,Two year,Fiber optic,72,93.05,Bank transfer (automatic)
3705-PSNGL,0.09553186971660947,Monitor,One year,No,45,20.4,Electronic check
3571-DPYUH,0.09546795560990426,Monitor,One year,Fiber optic,58,94.7,Credit card (automatic)
3506-OVLKD,0.09522891016343178,Monitor,One year,No,35,26.2,Bank transfer (automatic)
2250-IVBWA,0.09450114171023916,Monitor,Month-to-month,Fiber optic,64,81.05,Electronic check
1131-SUEKT,0.09422957532596411,Monitor,One year,Fiber optic,61,98.45,Bank transfer (automatic)
0559-CKHUS,0.09403837073775013,Monitor,Two year,No,29,19.55,Mailed check
1265-HVPZB,0.09351149935103056,Monitor,One year,DSL,59,66.4,Credit card (automatic)
9824-QCJPK,0.09242019704745877,Monitor,One year,No,36,20.0,Mailed check
3442-ZHHCC,0.09222680760083013,Monitor,One year,DSL,68,76.9,Credit card (automatic)
4648-YPBTM,0.09139700630871664,Monitor,Two year,DSL,53,73.9,Bank transfer (automatic)
0076-LVEPS,0.09136186765183814,Monitor,Month-to-month,DSL,29,45.0,Mailed check
4737-HOBAX,0.09101821930375084,Monitor,Two year,DSL,63,79.8,Credit card (automatic)
3982-JGSFD,0.09094630864772989,Monitor,One year,No,36,20.35,Credit card (automatic)
7581-EBBOU,0.08944070669933168,Monitor,One year,DSL,60,70.15,Credit card (automatic)
6418-HNFED,0.08830567537458325,Monitor,Two year,DSL,51,83.25,Credit card (automatic)
4419-UJMUS,0.0882529893556547,Monitor,Two year,Fiber optic,69,99.35,Electronic check
0979-MOZQI,0.08755445258544246,Monitor,Two year,DSL,62,39.0,Bank transfer (automatic)
9919-FZDED,0.08734691365018485,Monitor,Two year,DSL,72,84.1,Credit card (automatic)
3055-VTCGS,0.08687163085192391,Monitor,One year,DSL,63,58.55,Credit card (automatic)
2239-CFOUJ,0.08666714595112465,Monitor,One year,No,1,20.4,Mailed check
1139-WUOAH,0.08621654722654766,Monitor,Two year,DSL,57,53.35,Credit card (automatic)
2088-IEBAU,0.08608650620656076,Monitor,Two year,DSL,68,88.15,Electronic check
7572-KPVKK,0.08605181058754056,Monitor,Two year,Fiber optic,62,104.05,Electronic check
1023-BQXZE,0.08594612575271975,Monitor,Two year,DSL,57,74.35,Bank transfer (automatic)
4751-ERMAN,0.08591082977004404,Monitor,Two year,DSL,72,75.4,Bank transfer (automatic)
9548-LERKT,0.08538962393319263,Monitor,Two year,No,24,19.75,Mailed check
3865-ZFZIB,0.08401629540234998,Monitor,Two year,No,19,19.65,Mailed check
2129-ALKBS,0.08388309207901454,Monitor,Month-to-month,No,40,26.2,Electronic check
9385-NXKDA,0.08352767316842868,Monitor,Two year,DSL,72,82.65,Credit card (automatic)
7010-ZMVBF,0.0834570020293074,Monitor,Month-to-month,No,18,20.45,Mailed check
6064-ZATLR,0.08340985469421688,Monitor,Two year,DSL,27,52.85,Bank transfer (automatic)
5018-LXQQG,0.08288213254003245,Monitor,Month-to-month,DSL,30,66.3,Bank transfer (automatic)
1038-RQOST,0.0828735985953898,Monitor,Month-to-month,No,19,20.6,Mailed check
6872-HXFNF,0.08285934770782934,Monitor,One year,DSL,64,58.35,Bank transfer (automatic)
5917-RYRMG,0.08276617136686099,Monitor,One year,No,32,19.8,Credit card (automatic)
0164-XAIRP,0.08246111437686027,Monitor,Two year,No,24,19.55,Bank transfer (automatic)
3096-WPXBT,0.08237362533443722,Monitor,One year,Fiber optic,61,100.7,Credit card (automatic)
6993-YCOBK,0.08236760704877677,Monitor,Two year,Fiber optic,60,110.6,Electronic check
9715-WZCLW,0.08156705043528499,Monitor,Two year,Fiber optic,71,97.2,Electronic check
7401-JIXNM,0.080880662400255,Monitor,Two year,DSL,54,91.3,Credit card (automatic)
8782-NUUOL,0.08086868139087997,Monitor,One year,DSL,60,79.0,Mailed check
6242-SGYTS,0.08047091835387138,Monitor,One year,Fiber optic,62,94.95,Credit card (automatic)
9822-BIIGN,0.07972667965543802,Monitor,Month-to-month,DSL,53,71.85,Electronic check
9013-AQORL,0.07968542001861817,Monitor,Month-to-month,DSL,48,45.55,Credit card (automatic)
5893-PYOLZ,0.07934941629894705,Monitor,Two year,DSL,56,81.8,Credit card (automatic)
8717-VCTXJ,0.07814690897643993,Monitor,One year,No,42,19.55,Mailed check
6223-DHJGV,0.07755378653060825,Monitor,One year,No,42,20.65,Mailed check
5702-KVQRD,0.07752524583887235,Monitor,Two year,DSL,71,82.55,Electronic check
4702-HDRKD,0.07751668466464276,Monitor,One year,DSL,67,49.35,Bank transfer (automatic)
4560-WQAQW,0.07605573652194661,Monitor,One year,DSL,59,68.7,Bank transfer (automatic)
4703-MQYKT,0.07596432755972678,Monitor,Two year,No,21,19.6,Mailed check
3530-VWVGU,0.07582220050881215,Monitor,Month-to-month,No,22,19.9,Mailed check
7816-VGHTO,0.07563718091660503,Monitor,Two year,DSL,6,40.55,Mailed check
6681-ZSEXG,0.07536674172584557,Monitor,Two year,DSL,56,59.5,Credit card (automatic)
8869-TORSS,0.07503288853441042,Monitor,One year,DSL,48,60.35,Credit card (automatic)
5808-TOTXO,0.07494701521037724,Monitor,One year,No,3,20.55,Credit card (automatic)
7641-TQFHN,0.0747302823907278,Monitor,Two year,Fiber optic,39,100.55,Mailed check
4039-PIMHX,0.07437804040081364,Monitor,Two year,DSL,49,49.8,Mailed check
5924-SNGKP,0.07413248412752173,Monitor,One year,No,41,20.25,Credit card (automatic)
2408-PSJVE,0.07237409443400229,Monitor,Month-to-month,DSL,44,61.9,Mailed check
0788-DXBFY,0.07178667706998908,Monitor,One year,No,58,19.55,Electronic check
5446-DKWYW,0.07177895084831054,Monitor,One year,DSL,61,65.2,Electronic check
0123-CRBRT,0.07163232430213778,Monitor,Two year,DSL,61,88.1,Mailed check
2812-REYAT,0.07063660393203743,Monitor,One year,No,49,20.05,Bank transfer (automatic)
2877-VDUER,0.07054115707477845,Monitor,One year,DSL,35,40.9,Mailed check
9073-ZZIAY,0.07014031346867607,Monitor,Two year,DSL,62,86.1,Electronic check
3324-OIRTO,0.0699691595491172,Monitor,One year,Fiber optic,71,104.65,Bank transfer (automatic)
9308-ANMVE,0.06935604596876623,Monitor,Month-to-month,DSL,47,55.3,Electronic check
7762-ONLJY,0.06887242459481972,Monitor,One year,No,6,19.7,Mailed check
5313-FPXWG,0.06881816413366226,Monitor,One year,No,51,24.6,Bank transfer (automatic)
9339-FIIJL,0.06878847487283479,Monitor,Two year,DSL,72,85.95,Bank transfer (automatic)
6203-HBZPA,0.06844518236957926,Monitor,Two year,DSL,52,63.9,Credit card (automatic)
3649-JPUGY,0.06828316686988153,Monitor,Two year,DSL,72,88.6,Bank transfer (automatic)
8181-YHCMF,0.06810738941967448,Monitor,Two year,DSL,68,60.3,Credit card (automatic)
8390-FESFV,0.0677548665350826,Monitor,Two year,DSL,62,84.5,Bank transfer (automatic)
5514-YQENT,0.06739454347225696,Monitor,Two year,Fiber optic,41,111.15,Electronic check
0980-FEXWF,0.06724624676493553,Monitor,One year,DSL,26,50.35,Mailed check
5062-CJJKH,0.06722452790332072,Monitor,One year,DSL,25,53.65,Mailed check
6701-YVNQG,0.06722371302281528,Monitor,Two year,DSL,72,88.7,Credit card (automatic)
1729-VLAZJ,0.06693254455408437,Monitor,One year,DSL,10,40.25,Mailed check
2171-UDMFD,0.06628179058125287,Monitor,Month-to-month,No,32,19.45,Credit card (automatic)
1227-UDMZR,0.06619664559398618,Monitor,Two year,DSL,72,91.15,Bank transfer (automatic)
0661-KBKPA,0.06557443092713507,Monitor,One year,DSL,53,78.75,Mailed check
6967-PEJLL,0.06557207728539231,Monitor,One year,DSL,37,40.2,Electronic check
8345-MVDYC,0.06526904820229577,Monitor,Two year,DSL,45,81.65,Bank transfer (automatic)
4121-AGSIN,0.06522521084832839,Monitor,One year,No,58,24.5,Credit card (automatic)
1122-YJBCS,0.06520621400576551,Monitor,One year,DSL,69,53.65,Credit card (automatic)
0909-SELIE,0.06498222776660627,Monitor,Two year,DSL,61,80.8,Bank transfer (automatic)
5380-XPJNZ,0.06435113260575565,Monitor,One year,No,38,20.05,Mailed check
3161-ONRWK,0.06394093625429445,Monitor,One year,DSL,60,65.85,Bank transfer (automatic)
8741-LQOBK,0.06303958166844362,Monitor,Month-to-month,DSL,46,35.05,Bank transfer (automatic)
0230-UBYPQ,0.06267472439451377,Monitor,One year,DSL,63,36.1,Bank transfer (automatic)
5442-BXVND,0.06213758711374373,Monitor,Month-to-month,No,33,24.25,Bank transfer (automatic)
6434-TTGJP,0.06154309747034252,Monitor,Two year,DSL,10,53.7,Credit card (automatic)
9402-ROUMJ,0.06099882635817055,Monitor,One year,Fiber optic,67,100.25,Bank transfer (automatic)
9674-EHPPG,0.06075445123138964,Monitor,Two year,DSL,46,40.4,Credit card (automatic)
9359-UGBTK,0.06071093335680872,Monitor,One year,DSL,67,72.35,Bank transfer (automatic)
4537-CIBHB,0.060652268263352724,Monitor,One year,No,9,20.25,Mailed check
5857-XRECV,0.060576216102580356,Monitor,One year,No,2,20.5,Bank transfer (automatic)
6685-GBWJZ,0.05981421723164463,Monitor,One year,DSL,63,70.8,Credit card (automatic)
2805-AUFQN,0.059295145903616966,Monitor,Two year,No,25,19.8,Credit card (automatic)
4825-FUREZ,0.05894147832734626,Monitor,Two year,No,42,20.25,Electronic check
3489-VSFRD,0.05876232135004315,Monitor,One year,DSL,56,60.25,Credit card (automatic)
6682-QJDGB,0.0585520338017894,Monitor,Month-to-month,DSL,40,55.25,Mailed check
5975-BAICR,0.05738585363125926,Monitor,One year,DSL,36,63.7,Credit card (automatic)
8015-IHCGW,0.05715890493876456,Monitor,Two year,Fiber optic,72,115.5,Electronic check
0839-JTCUD,0.056699457860164296,Monitor,Two year,DSL,66,89.9,Credit card (automatic)
4654-ULTTN,0.05652651468095716,Monitor,Two year,DSL,70,74.8,Credit card (automatic)
1036-GUDCL,0.056066753858574465,Monitor,Month-to-month,DSL,60,79.05,Credit card (automatic)
8591-TKMZH,0.05561897114455436,Monitor,Two year,Fiber optic,59,111.1,Mailed check
8690-UPCZI,0.05510364615316692,Monitor,One year,DSL,29,69.05,Bank transfer (automatic)
4213-HKBJO,0.05461189858796027,Monitor,Two year,No,33,25.7,Credit card (automatic)
9313-CDOGY,0.054523012200703894,Monitor,Month-to-month,No,38,19.6,Electronic check
1568-BEKZM,0.05404816584871806,Monitor,Two year,DSL,70,90.05,Credit card (automatic)
0420-TXVSG,0.054004349149937875,Monitor,Two year,DSL,66,66.1,Credit card (automatic)
7971-HLVXI,0.05375114625863632,Monitor,Two year,Fiber optic,72,84.5,Credit card (automatic)
2332-TODQS,0.05374035764049981,Monitor,One year,No,48,25.05,Credit card (automatic)
6953-PBDIN,0.05352612271735992,Monitor,Two year,DSL,70,72.95,Bank transfer (automatic)
2987-BJXIK,0.05352540700823223,Monitor,Two year,DSL,70,84.7,Mailed check
0379-DJQHR,0.05336220998221609,Monitor,Two year,DSL,67,81.35,Credit card (automatic)
6814-ZPWFQ,0.052961061281749114,Monitor,One year,No,51,25.0,Bank transfer (automatic)
8626-PTQGE,0.05295331550484267,Monitor,Two year,DSL,69,60.05,Bank transfer (automatic)
0707-HOVVN,0.05235528658164764,Monitor,Two year,DSL,70,75.5,Bank transfer (automatic)
0048-PIHNL,0.052264728066537626,Monitor,One year,No,49,20.45,Bank transfer (automatic)
7649-SIJJF,0.05137032478736142,Monitor,Two year,DSL,71,80.1,Mailed check
1459-QNFQT,0.0512850774967836,Monitor,Two year,DSL,70,59.5,Bank transfer (automatic)
8430-TWCBX,0.050959054686349946,Monitor,One year,No,49,20.7,Credit card (automatic)
5061-PBXFW,0.05087019787146239,Monitor,Month-to-month,DSL,32,61.4,Bank transfer (automatic)
3967-KXAPS,0.05037977870841162,Monitor,Two year,DSL,72,92.3,Credit card (automatic)
3487-EARAT,0.0500214460757441,Monitor,One year,DSL,70,74.1,Credit card (automatic)
6119-SPUDB,0.04987473817892362,Monitor,Two year,DSL,46,38.25,Mailed check
7408-OFWXJ,0.04970856090880811,Monitor,Two year,DSL,72,89.8,Credit card (automatic)
3301-VKTGC,0.049652957080425615,Monitor,One year,Fiber optic,68,85.5,Bank transfer (automatic)
0056-EPFBG,0.04922162425608089,Monitor,Two year,DSL,20,39.4,Credit card (automatic)
6288-CHQJB,0.04919764264009652,Monitor,Two year,DSL,54,69.95,Bank transfer (automatic)
7996-BPXHY,0.04875472121190927,Monitor,Two year,No,13,25.0,Bank transfer (automatic)
3766-EJLFL,0.04820331855863275,Monitor,Two year,Fiber optic,68,109.05,Bank transfer (automatic)
8400-WZICQ,0.048145804218969405,Monitor,Month-to-month,DSL,55,55.7,Electronic check
8580-QVLOC,0.048050208333875945,Monitor,Two year,DSL,72,92.45,Credit card (automatic)
9610-WCESF,0.0479329371750976,Monitor,Two year,DSL,67,43.9,Electronic check
2649-HWLYB,0.04782454723832649,Monitor,Two year,DSL,65,76.15,Bank transfer (automatic)
9483-GCPWE,0.047409085552490196,Monitor,One year,No,9,20.1,Mailed check
3251-YMVWZ,0.047276925908246316,Monitor,One year,No,53,24.05,Bank transfer (automatic)
5329-KRDTM,0.04701931109215798,Monitor,Two year,DSL,72,77.35,Credit card (automatic)
0732-OCQOC,0.04675584560450722,Monitor,Two year,No,52,25.05,Bank transfer (automatic)
6388-TABGU,0.04519104747248264,Monitor,One year,DSL,62,56.15,Bank transfer (automatic)
6445-TNRXS,0.04513572013128962,Monitor,Two year,Fiber optic,68,114.7,Bank transfer (automatic)
1741-WTPON,0.04473245603481454,Monitor,Two year,Fiber optic,56,115.85,Mailed check
9968-FFVVH,0.04406809444168245,Monitor,One year,DSL,63,68.8,Bank transfer (automatic)
4086-ATNFV,0.04375450156534384,Monitor,One year,DSL,34,60.8,Mailed check
4378-MYPGO,0.042976356721434454,Monitor,Two year,Fiber optic,68,105.25,Bank transfer (automatic)
6527-PZFPV,0.04279688863222496,Monitor,One year,No,24,20.8,Credit card (automatic)
0608-JDVEC,0.042569323340172965,Monitor,Two year,No,50,19.8,Electronic check
7205-BAIAD,0.04241185368336047,Monitor,Two year,No,40,20.6,Bank transfer (automatic)
6374-AFWOX,0.04231768799376548,Monitor,Two year,DSL,46,65.65,Mailed check
3396-DKDEL,0.04169085572530689,Monitor,Two year,Fiber optic,70,115.15,Credit card (automatic)
7520-HQWJU,0.041379161918768156,Monitor,Month-to-month,DSL,66,67.45,Bank transfer (automatic)
8915-NNTRC,0.04035889729275187,Monitor,Two year,Fiber optic,72,107.7,Credit card (automatic)
9648-BCHKM,0.03995932498141448,Monitor,Two year,No,18,24.65,Credit card (automatic)
0017-IUDMW,0.03988482390709428,Monitor,Two year,Fiber optic,72,116.8,Credit card (automatic)
4012-YCFAI,0.038871452109522815,Monitor,Two year,DSL,60,61.35,Mailed check
9108-EQPNQ,0.038127907805481455,Monitor,Two year,No,10,26.1,Credit card (automatic)
2990-IAJSV,0.03790091766571998,Monitor,Two year,DSL,72,92.0,Bank transfer (automatic)
6848-YLDFR,0.037840208536744774,Monitor,One year,DSL,58,75.2,Credit card (automatic)
9758-MFWGD,0.03714474429119235,Monitor,One year,DSL,48,29.9,Bank transfer (automatic)
5204-HMGYF,0.0369477712375292,Monitor,One year,DSL,49,87.2,Mailed check
2954-PIBKO,0.03686593152293264,Monitor,Two year,DSL,69,64.15,Credit card (automatic)
8314-HTWVE,0.03668826614284206,Monitor,Two year,No,7,19.85,Mailed check
8779-YIQQA,0.036628709163790955,Monitor,One year,No,21,19.8,Mailed check
9777-IQHWP,0.036044327321613785,Monitor,Two year,Fiber optic,64,93.4,Bank transfer (automatic)
4940-KHCWD,0.03498757377554818,Monitor,Two year,DSL,60,37.7,Bank transfer (automatic)
7337-CINUD,0.0349780287521158,Monitor,Two year,No,8,19.5,Bank transfer (automatic)
8338-QIUNR,0.034904686614369095,Monitor,Two year,DSL,72,66.5,Credit card (automatic)
9640-ZSLDC,0.03455385883861128,Monitor,One year,DSL,53,60.6,Credit card (automatic)
4018-PPNDW,0.034420407734010436,Monitor,Two year,No,61,24.1,Mailed check
5057-RKGLH,0.03432600073728772,Monitor,Two year,No,9,20.35,Mailed check
1929-ZCBHE,0.033857912402324886,Monitor,One year,DSL,47,40.3,Electronic check
3071-MVJCD,0.03335454310440868,Monitor,Two year,DSL,72,82.3,Bank transfer (automatic)
5803-NQJZO,0.033264991962445395,Monitor,Two year,DSL,72,67.8,Bank transfer (automatic)
4735-BJKOU,0.032888178188604414,Monitor,Two year,No,40,20.15,Mailed check
5696-CEIQJ,0.032811133080519465,Monitor,Two year,Fiber optic,67,103.15,Bank transfer (automatic)
3795-GWTRD,0.03182611886556522,Monitor,Two year,DSL,63,75.55,Credit card (automatic)
3400-ESFUW,0.03176476274381845,Monitor,Two year,DSL,55,57.55,Bank transfer (automatic)
6322-HRPFA,0.03161662206081963,Monitor,Month-to-month,DSL,49,59.6,Credit card (automatic)
6374-NTQLP,0.0315364697358233,Monitor,Two year,Fiber optic,72,104.1,Credit card (automatic)
1494-EJZDW,0.03152981909957824,Monitor,Two year,No,10,20.15,Mailed check
1063-DHQJF,0.03149578520715389,Monitor,Two year,Fiber optic,69,92.15,Mailed check
7560-QJAVJ,0.03145366049525559,Monitor,Two year,DSL,70,79.6,Bank transfer (automatic)
9867-XOBQA,0.03135706303379246,Monitor,Two year,DSL,21,53.15,Mailed check
5324-KTGCG,0.031085740364252868,Monitor,One year,No,71,20.85,Electronic check
4981-FLTMF,0.031029500433619867,Monitor,Month-to-month,DSL,57,65.2,Bank transfer (automatic)
9588-YRFHY,0.031015191572134015,Monitor,Two year,No,49,19.9,Credit card (automatic)
9530-GRMJG,0.030841706381583203,Monitor,Two year,DSL,70,84.1,Electronic check
8028-PNXHQ,0.0307651793656987,Monitor,Two year,No,62,24.25,Bank transfer (automatic)
3717-FDJFU,0.030697656415654438,Monitor,Two year,No,5,20.45,Mailed check
1047-RNXZV,0.030610897278308676,Monitor,Two year,No,43,19.55,Mailed check
4521-WFJAI,0.030273437115850614,Monitor,Two year,No,56,25.95,Bank transfer (automatic)
4877-TSOFF,0.030129738540497903,Monitor,One year,DSL,55,75.75,Bank transfer (automatic)
1862-QRWPE,0.029950746520740642,Monitor,Two year,No,48,20.65,Bank transfer (automatic)
7632-YUTXB,0.0298047412121725,Monitor,One year,No,25,20.05,Mailed check
0181-RITDD,0.0294850813796166,Monitor,Two year,Fiber optic,62,108.15,Mailed check
4530-NDRKU,0.02930968158245939,Monitor,One year,No,42,19.05,Electronic check
6080-LNESI,0.02890129923836744,Monitor,Two year,No,51,24.75,Mailed check
3812-LRZIR,0.028888942084096255,Monitor,Two year,No,27,24.5,Electronic check
3831-YCPUO,0.02884457210567736,Monitor,Two year,Fiber optic,72,109.5,Credit card (automatic)
6292-TOSSS,0.028550641506217767,Monitor,Two year,No,50,24.9,Bank transfer (automatic)
7636-PEPNS,0.02840725640183503,Monitor,One year,DSL,58,44.1,Mailed check
9755-JHNMN,0.028390635765886463,Monitor,Two year,DSL,49,67.4,Bank transfer (automatic)
6013-BHCAW,0.02825489763312985,Monitor,Two year,DSL,61,81.0,Bank transfer (automatic)
7998-WNZEM,0.02817080665867553,Monitor,Two year,DSL,71,80.6,Bank transfer (automatic)
2541-YGPKE,0.027920829355755173,Monitor,One year,DSL,42,63.7,Credit card (automatic)
3200-MNQTF,0.027746778180414645,Monitor,Two year,DSL,67,70.9,Credit card (automatic)
6519-ZHPXP,0.027521086521507032,Monitor,Two year,Fiber optic,72,108.3,Bank transfer (automatic)
0052-YNYOT,0.027287588387462345,Monitor,One year,No,67,20.55,Electronic check
6061-GWWAV,0.02722197682931357,Monitor,One year,DSL,41,70.2,Mailed check
7471-MQPOS,0.02684305649065054,Monitor,One year,DSL,71,72.9,Bank transfer (automatic)
1776-SPBWV,0.026674127773845428,Monitor,One year,No,34,20.1,Bank transfer (automatic)
5825-XJOCM,0.026623807987316103,Monitor,One year,DSL,48,64.4,Bank transfer (automatic)
4227-OJHAL,0.026285616330511484,Monitor,One year,DSL,68,73.0,Credit card (automatic)
2266-FUBDZ,0.026193751086155202,Monitor,Two year,No,15,19.35,Mailed check
6164-HAQTX,0.025104605555764225,Monitor,Two year,DSL,71,53.95,Bank transfer (automatic)
9372-TXXPS,0.025018627490606404,Monitor,Two year,DSL,60,59.85,Bank transfer (automatic)
8241-JUIQO,0.02469907159681305,Monitor,One year,No,61,19.45,Bank transfer (automatic)
2335-GSODA,0.024297404443710344,Monitor,Two year,DSL,23,40.1,Mailed check
5519-TEEUH,0.024195761215833247,Monitor,One year,No,33,20.15,Mailed check
4785-FCIFB,0.02395806963014073,Monitor,Two year,No,61,24.4,Mailed check
6370-ZVHDV,0.023277656520566105,Monitor,Two year,No,61,25.3,Bank transfer (automatic)
8207-VVMYB,0.023233737869915935,Monitor,Two year,No,70,26.0,Bank transfer (automatic)
3948-KXDUF,0.022687674925584194,Monitor,Two year,DSL,66,68.75,Bank transfer (automatic)
4299-OPXEJ,0.022577012457635385,Monitor,Two year,No,56,19.55,Bank transfer (automatic)
2632-TACXW,0.022277885814559743,Monitor,Two year,No,62,23.65,Bank transfer (automatic)
9945-PSVIP,0.022225302491416025,Monitor,Two year,No,25,18.7,Mailed check
2892-GESUL,0.02208037629110551,Monitor,Two year,No,18,19.35,Mailed check
8701-DGLVH,0.021879242331909843,Monitor,Two year,No,51,20.45,Mailed check
5666-MBJPT,0.02178122852064077,Monitor,Two year,No,65,25.1,Bank transfer (automatic)
9286-BHDQG,0.02158655504998788,Monitor,Two year,DSL,72,45.25,Credit card (automatic)
6625-FLENO,0.020631714062311072,Monitor,Two year,No,58,20.75,Mailed check
3027-YNWZU,0.02060609740892006,Monitor,Two year,No,64,25.0,Credit card (automatic)
6917-FIJHC,0.020518234027078287,Monitor,Two year,No,72,26.0,Mailed check
4698-KVLLG,0.020196636679323757,Monitor,Two year,No,51,19.6,Credit card (automatic)
0263-FJTQO,0.020173343880511944,Monitor,Two year,DSL,50,70.5,Credit card (automatic)
1926-QUZNN,0.02005244210680443,Monitor,Two year,No,72,25.25,Bank transfer (automatic)
4962-CHQPW,0.019792115705710912,Monitor,One year,No,29,19.85,Mailed check
5696-JVVQY,0.019569633739306442,Monitor,Two year,DSL,48,70.1,Credit card (automatic)
3429-IFLEM,0.019277259847330048,Monitor,Two year,DSL,71,77.35,Credit card (automatic)
9814-AOUDH,0.019199948186393333,Monitor,Two year,No,53,19.5,Credit card (automatic)
9950-MTGYX,0.019033498000054334,Monitor,Two year,No,28,20.3,Credit card (automatic)
8590-YFFQO,0.019000396401172768,Monitor,Two year,DSL,70,64.95,Credit card (automatic)
0298-XACET,0.018954203809645954,Monitor,Two year,DSL,52,50.2,Mailed check
6349-JDHQP,0.018840705106317194,Monitor,Two year,No,53,19.85,Credit card (automatic)
5751-USDBL,0.018441754538825534,Monitor,Two year,DSL,46,81.0,Mailed check
6134-KWTBV,0.01794231679726174,Monitor,Two year,No,62,23.4,Bank transfer (automatic)
8173-RXAYP,0.017791134702853595,Monitor,Two year,No,24,19.7,Mailed check
8590-OHDIW,0.017693290516423054,Monitor,One year,No,38,20.3,Mailed check
1705-GUHPV,0.01738812192170606,Monitor,Two year,No,63,24.2,Mailed check
8619-IJNDK,0.01737838152931354,Monitor,Two year,DSL,71,64.05,Credit card (automatic)
2696-RZVZW,0.017182334708866338,Monitor,Two year,No,68,25.05,Credit card (automatic)
3970-XGJDU,0.016775183496863466,Monitor,Two year,No,62,19.2,Credit card (automatic)
3836-FZSDJ,0.016499769568411576,Monitor,Two year,No,71,24.85,Bank transfer (automatic)
5334-AFQJB,0.01618221623338691,Monitor,Two year,No,72,25.1,Credit card (automatic)
1088-AUUZZ,0.01612501325064725,Monitor,Two year,DSL,56,75.85,Credit card (automatic)
3646-ITDGM,0.016089343387029467,Monitor,Two year,No,56,19.7,Bank transfer (automatic)
3978-YNKDD,0.0159616837653869,Monitor,Two year,No,19,20.85,Credit card (automatic)
1767-CJKBA,0.015806886506564522,Monitor,Two year,No,66,25.1,Mailed check
5498-IBWPI,0.01564937861496887,Monitor,One year,DSL,66,49.4,Credit card (automatic)
0057-QBUQH,0.01547126360211165,Monitor,Two year,No,43,25.1,Electronic check
2169-RRLFW,0.015422220213704204,Monitor,Two year,No,71,25.6,Credit card (automatic)
4312-KFRXN,0.015402980885913577,Monitor,Two year,No,72,25.4,Mailed check
8735-SDUFN,0.015089305030505845,Monitor,Two year,No,72,24.3,Bank transfer (automatic)
5774-QPLTF,0.015054741118640741,Monitor,One year,No,50,20.35,Mailed check
6848-HJTXY,0.015041370096225599,Monitor,Two year,No,64,19.45,Credit card (automatic)
8347-GDTMP,0.014946010204028574,Monitor,Two year,No,64,19.45,Credit card (automatic)
7216-KAOID,0.014931069723351684,Monitor,One year,No,41,19.5,Bank transfer (automatic)
6332-FBZRI,0.014747374541984147,Monitor,One year,DSL,67,69.35,Credit card (automatic)
7167-PCEYD,0.014414672600830016,Monitor,Two year,No,67,19.8,Mailed check
4955-VCWBI,0.01426720132062394,Monitor,One year,No,43,20.0,Mailed check
3454-JFUBC,0.014202564722345622,Monitor,Two year,No,68,20.0,Credit card (automatic)
7114-AEOZE,0.013832286964270213,Monitor,Two year,No,60,19.85,Bank transfer (automatic)
1945-XISKS,0.013781772874478414,Monitor,Two year,No,67,19.65,Mailed check
0625-AFOHS,0.013702311057456493,Monitor,Two year,No,29,20.2,Mailed check
3508-VLHCZ,0.0136419218287931,Monitor,Two year,DSL,71,90.55,Credit card (automatic)
5727-MYATE,0.013484890972936387,Monitor,Two year,DSL,72,90.8,Credit card (automatic)
2525-GVKQU,0.013484088949562139,Monitor,Two year,No,60,20.6,Mailed check
4335-UPJSI,0.013139557957897749,Monitor,Two year,No,24,19.75,Mailed check
9067-SQTNS,0.01303664066488914,Monitor,One year,No,44,20.6,Bank transfer (automatic)
6345-FZOQH,0.013021973159433013,Monitor,Two year,No,69,19.9,Mailed check
0301-FIDRB,0.01301726381421181,Monitor,Two year,DSL,72,63.8,Bank transfer (automatic)
5266-PFRQK,0.012945350472001385,Monitor,One year,No,52,20.85,Credit card (automatic)
2824-DXNKN,0.012939695118490047,Monitor,Two year,DSL,72,71.45,Bank transfer (automatic)
2616-FLVQC,0.01244799545856527,Monitor,Two year,No,64,19.55,Mailed check
8292-ITGYJ,0.01238974737224973,Monitor,Two year,No,45,24.65,Bank transfer (automatic)
2885-HIJDH,0.01234811306538925,Monitor,Two year,DSL,69,86.9,Bank transfer (automatic)
2984-RGEYA,0.012261215619364331,Monitor,Two year,No,69,19.75,Bank transfer (automatic)
7602-DBTOU,0.011562098018855133,Monitor,Two year,No,71,19.6,Mailed check
7606-BPHHN,0.011450867179067079,Monitor,Two year,No,72,19.8,Credit card (automatic)
5845-BZZIB,0.011157443662844728,Monitor,Two year,No,35,20.1,Mailed check
3910-MRQOY,0.010975874923065647,Monitor,Two year,No,72,19.4,Bank transfer (automatic)
1927-QEWMY,0.010846257039534119,Monitor,Two year,No,72,20.5,Credit card (automatic)
4674-HGNUA,0.010508320869719177,Monitor,Two year,DSL,71,89.9,Credit card (automatic)
2263-SFSQZ,0.010473986505907668,Monitor,Two year,No,51,24.95,Mailed check
6169-PPETC,0.01042301640185103,Monitor,Two year,No,35,20.5,Bank transfer (automatic)
5181-OABFK,0.010396515367494594,Monitor,Two year,DSL,56,61.3,Credit card (automatic)
2925-VDZHY,0.010367029088545907,Monitor,Two year,DSL,72,88.7,Credit card (automatic)
0397-ZXWQF,0.010332691561357703,Monitor,Two year,No,67,20.5,Bank transfer (automatic)
1716-LSAMB,0.010249241175161416,Monitor,Two year,DSL,45,54.65,Bank transfer (automatic)
8219-VYBVI,0.009640895881732416,Monitor,Two year,No,39,25.0,Mailed check
7515-LODFU,0.009361850582264507,Monitor,Two year,No,69,20.3,Credit card (automatic)
5296-BFCYD,0.00936111225946757,Monitor,Two year,No,46,20.1,Mailed check
0769-MURVM,0.00899132121141656,Monitor,Two year,DSL,72,65.7,Bank transfer (automatic)
4779-ZGICK,0.008879902302559493,Monitor,Two year,No,48,23.55,Mailed check
5457-COLHT,0.007921824799985185,Monitor,Two year,DSL,69,80.65,Bank transfer (automatic)
6096-EGVTU,0.007909879269947243,Monitor,One year,No,64,24.9,Mailed check
3470-OBUET,0.007607276860827875,Monitor,Two year,DSL,67,74.0,Credit card (automatic)
6365-HITVU,0.007395822819119325,Monitor,Two year,DSL,71,87.25,Credit card (automatic)
8532-UEFWH,0.007256214302321561,Monitor,Two year,No,52,25.75,Mailed check
3884-UEBXB,0.007080120640357566,Monitor,Two year,DSL,67,36.15,Bank transfer (automatic)
0562-FGDCR,0.007048598021658278,Monitor,Two year,DSL,72,74.55,Mailed check
9114-DPSIA,0.006854813742820886,Monitor,Two year,DSL,72,81.0,Credit card (automatic)
6248-BSHKG,0.006812332311055397,Monitor,One year,No,61,20.4,Mailed check
3580-GICBM,0.006795212971454275,Monitor,Two year,No,61,24.2,Mailed check
3088-FVYWK,0.006762605121309738,Monitor,Two year,No,53,25.55,Credit card (automatic)
3913-FCUUW,0.006607436463248426,Monitor,Two year,DSL,72,70.45,Bank transfer (automatic)
1709-EJDOX,0.006447008328787418,Monitor,Two year,No,47,19.75,Mailed check
4742-TXUEX,0.006446219698296153,Monitor,Two year,No,47,19.3,Bank transfer (automatic)
2230-XTUWL,0.006275248136399966,Monitor,Two year,No,48,19.55,Mailed check
4302-ZYFEL,0.006222988170567608,Monitor,One year,No,69,20.55,Credit card (automatic)
1697-LYYYX,0.0061889394402413495,Monitor,One year,No,61,19.1,Credit card (automatic)
1085-LDWAM,0.006111371180052566,Monitor,One year,No,69,20.35,Credit card (automatic)
3511-BFTJW,0.005779791700699212,Monitor,Two year,DSL,72,38.5,Credit card (automatic)
6340-DACFT,0.005500887422788434,Monitor,Two year,No,50,20.55,Credit card (automatic)
1574-DYCWE,0.005409858333837314,Monitor,Two year,No,51,19.95,Mailed check
6283-GITPX,0.0053946385849961975,Monitor,Two year,DSL,71,76.9,Credit card (automatic)
0463-TXOAK,0.0053662364032469176,Monitor,Two year,No,52,25.6,Credit card (automatic)
3967-VQOGC,0.005244845020424088,Monitor,Two year,No,67,24.9,Mailed check
0040-HALCW,0.004830678029560801,Monitor,Two year,No,54,20.4,Credit card (automatic)
2075-PUEPR,0.004700034756255381,Monitor,Two year,No,55,19.35,Bank transfer (automatic)
8129-GMVGI,0.0043920981615782565,Monitor,Two year,No,56,20.05,Mailed check
9135-HSWOC,0.0042749419106274025,Monitor,Two year,No,64,19.7,Bank transfer (automatic)
3563-SVYLG,0.00416543322009095,Monitor,Two year,DSL,68,62.65,Credit card (automatic)
8711-LOBKY,0.004074935721834181,Monitor,Two year,No,59,19.85,Mailed check
7729-XBTWX,0.0039999230748910975,Monitor,Two year,No,66,19.75,Mailed check
9430-NKQLY,0.003991792588683064,Monitor,Two year,No,72,25.1,Credit card (automatic)
1820-DJFPH,0.003980285265677537,Monitor,Two year,No,72,24.05,Bank transfer (automatic)
2346-LOCWC,0.003938193663618105,Monitor,Two year,No,58,20.5,Credit card (automatic)
7717-BICXI,0.0036918853867616303,Monitor,Two year,No,60,20.55,Mailed check
1830-IPXVJ,0.003536486312348758,Monitor,Two year,No,61,19.75,Credit card (automatic)
2236-HILPA,0.0033579326798258238,Monitor,Two year,No,62,20.65,Credit card (automatic)
0962-CQPWQ,0.0032637342641169305,Monitor,Two year,No,62,20.3,Bank transfer (automatic)
0174-QRVVY,0.0031689902256211715,Monitor,Two year,No,71,25.35,Credit card (automatic)
1555-HAPSU,0.0030292265411677602,Monitor,Two year,No,71,23.9,Credit card (automatic)
0480-KYJVA,0.0029673295555787127,Monitor,Two year,No,72,24.25,Credit card (automatic)
8224-KDLKN,0.0029173794898409064,Monitor,Two year,No,72,25.0,Bank transfer (automatic)
0402-OAMEN,0.002910302881825602,Monitor,Two year,No,72,24.45,Bank transfer (automatic)
8165-ZJRNM,0.0029049670536376287,Monitor,Two year,No,72,23.75,Bank transfer (automatic)
4821-WQOYN,0.0027622099339405367,Monitor,Two year,No,72,20.1,Credit card (automatic)
7157-SMCFK,0.002733643460437717,Monitor,Two year,No,61,19.75,Mailed check
9537-JALFH,0.0025091745669634864,Monitor,Two year,No,69,19.9,Bank transfer (automatic)
9365-CSLBQ,0.002383154556773687,Monitor,Two year,No,71,24.35,Mailed check
1403-GYAFU,0.0022881568614189943,Monitor,Two year,No,70,20.05,Credit card (automatic)
3642-BYHDO,0.002221482804091917,Monitor,Two year,No,71,19.9,Bank transfer (automatic)
4086-WITJG,0.002180114567192817,Monitor,Two year,No,71,19.7,Credit card (automatic)
0794-YVSGE,0.0021415848427553,Monitor,Two year,No,72,20.3,Bank transfer (automatic)
4277-BWBML,0.0021123824375646623,Monitor,Two year,No,72,19.95,Bank transfer (automatic)
1166-PQLGG,0.0021066752668047143,Monitor,Two year,No,72,19.55,Bank transfer (automatic)
